,,TickerList,Cell color key:,Calculation,User input,Code output,* in-cell help available,,,,,
,,,,,,,,Y,,,,
,Dataset,European gas fundamentals ticker list,,,,,,N,,,,
,Units,Various,,,,,,,,,,
,Source,"Bloomberg LP, various European gas TSOs",,,,,,,,,,
,Subject to terms and conditions,,,,,,,,,,,
,,,,,,,,,,,,
,, ,,,,,,,,,,
No,Ticker,Description,Category,Region from,Region to,Units,Normalization factor,Positive/Negative,Other notes or comments,Start date,"Last update as of August 7, 2025",Links
1,ACDEGSTL Index,Germany Gas Generation Daily Total (EEX),Intermediate Calculation,##Germany,Gas-to-Power,gwh,0.090909091,,"Used to segment industrial into 'pure' industrial and gas-to-power components (useful for history, but Entsoe has a bigger perimeter)",01/01/2016,13/08/2025,Link to Terminal
2,AGGMBAME Index,Baumgarten MAB Daily Gas Flow Entry (SK>AT),Import,MAB,Austria,GWh/d,0.090909091,,Kept for historicals,01/01/2013,11/04/2022,Link to Terminal
3,AGGMBAMX Index,Baumgarten MAB Daily Gas Flow Exit (AT>SK),Import,MAB,Austria,GWh/d,-0.090909091,Negative,Kept for historicals,01/01/2013,12/04/2022,Link to Terminal
4,AGGMBMNI Index,Baumgarten MAB Intraday Net Entry Gas Flow (Austria - Slovakia),Import,MAB,Austria,GWh/d,0.090909091,,,02/04/2022,07/08/2025,Link to Terminal
5,AGGMEDEG Index,Austria Gas East Area Daily Demand Sum in GWh,Demand,Austria,Austria,GWh/d,0.090909091,,,01/01/2013,06/08/2025,Link to Terminal
6,AGGMEPOH Index,Austria Gas Daily Production by OMV,Production,Austria,Austria,GWh/d,0.090909091,,,01/01/2013,23/07/2025,Link to Terminal
7,AGGMEPRH Index,Austria Gas Daily Production by RAG,Production,Austria,Austria,GWh/d,0.090909091,,,01/01/2013,23/07/2025,Link to Terminal
8,AGGMTDEG Index,Austria Gas Tyrol Area Daily Demand Sum in GWh,Demand,Austria,Austria,GWh/d,0.090909091,,,01/10/2013,06/08/2025,Link to Terminal
9,AGGMVDEG Index,Austria Gas Vorarlberg Area Daily Demand Sum in GWh,Demand,Austria,Austria,GWh/d,0.090909091,,,01/10/2013,06/08/2025,Link to Terminal
10,SGIE7FIN Index,7 Fields  Injection,Net Withdrawals,Germany,Germany,GWh/d,-0.090909091,Negative,,13/04/2011,05/08/2025,Link to Terminal
11,SGIE7FWI Index,7 Fields  Withdrawal,Net Withdrawals,Germany,Germany,GWh/d,0.090909091,,,13/04/2011,05/08/2025,Link to Terminal
12,VNGSBLSL Index,Bad Lauchstaedt Gas Storage Levels (VNG-Germany),Inventory,Germany,Germany,million cubic meters,1,,Migrated together with Bernburg to VGS storage hub ticker (SGIEVGST Index) after merged,01/01/2007,30/11/2015,Link to Terminal
13,VNGSBLNW Index,Bad Lauchstaedt Net Wtd,Net Withdrawals,Germany,Germany,GWh/d,0.090909091,,Migrated together with Bernburg to VGS storage hub ticker (SGIEVGIN Index and SGIEVGWI Index) after merged,03/03/2014,31/01/2016,Link to Terminal
14,SGIEBBIN Index,Berlin (BES) Injection,Net Withdrawals,Germany,Germany,GWh/d,-0.090909091,Negative,Field has decommissioned,06/04/2016,02/04/2017,Link to Terminal
15,SGIEBBWI Index,Berlin (BES) Withdrawal,Net Withdrawals,Germany,Germany,GWh/d,0.090909091,,Field has decommissioned,06/04/2016,02/04/2017,Link to Terminal
16,EGFG0283 Index,RC Basel Gas Flow Exit (terranets bw) -DE NCG>CH,Demand,Switzerland,Switzerland,GWh/d,0.090909091,,,01/10/2013,06/08/2025,Link to Terminal
17,EGFG0285 Index,RC Thayngen-Fallentor Gas Flow Exit (terranets bw) -DE NCG>CH,Demand,Switzerland,Switzerland,GWh/d,0.090909091,,,01/10/2013,06/08/2025,Link to Terminal
18,VNGSBESL Index,Bernburg Gas Storage Levels (VNG-Germany),Inventory,Germany,Germany,million cubic meters,1,,Migrated together with Bad Lauchstaedt  to VGS storage hub ticker (SGIEVGST Index) after merged,01/01/2007,30/11/2015,Link to Terminal
19,VNGSBENW Index,Bernburg Net Wtd,Net Withdrawals,Germany,Germany,GWh/d,0.090909091,,Migrated together with Bad Lauchstaedt to VGS storage hub ticker (SGIEVGIN Index and SGIEVGWI Index) after merged,03/03/2014,31/01/2016,Link to Terminal
20,SGIEBIIN Index,Bierwang  Injection,Net Withdrawals,Germany,Germany,GWh/d,-0.090909091,Negative,,31/03/2009,05/08/2025,Link to Terminal
21,ETGFGUPH Index,Gasunie Deutschland Aggregate Production H-Gas (Gasunie) (GWh/d),Production,Germany,Germany,GWh/d,0.090909091,,,30/09/2013,06/08/2025,Link to Terminal
22,ETGFGUPL Index,Gasunie Deutschland  Aggregate Production L-Gas (Gasunie) (GWh/d),Production,Germany,Germany,GWh/d,0.090909091,,,30/09/2013,06/08/2025,Link to Terminal
23,ETGFNOAP Index,Nowega Aggregate Production (Nowega) (GWh/d),Production,Germany,Germany,GWh/d,0.090909091,,,01/10/2016,05/08/2025,Link to Terminal
24,ETGFOGAP Index,Open Grid Europe Aggregate Production (OGE) (GWh/d),Production,Germany,Germany,GWh/d,0.090909091,,,01/10/2013,06/08/2025,Link to Terminal
25,ETGFONAP Index,ONTRAS Aggregate Production (ONTRAS) (GWh/d),Production,Germany,Germany,GWh/d,0.090909091,,,10/08/2015,06/08/2025,Link to Terminal
26,ETGFTGPH Index,Thyssengas Aggregate Production H-Gas (Thyssengas) (GWh/d),Production,Germany,Germany,GWh/d,0.090909091,,,01/10/2013,06/08/2025,Link to Terminal
27,ETGFTGPL Index,Thyssengas Aggregate Production L-Gas (Thyssengas) (GWh/d),Production,Germany,Germany,GWh/d,0.090909091,,,01/10/2013,17/12/2025,Link to Terminal
28,FGRTJRAQ Index,"Jura (FR to CH) Gas Exit Allocation (Daily,GWh/d,GRTgaz)",Demand,Switzerland,Switzerland,GWh/d,0.090909091,,"From 1st April 2020, Jura has been reclassified as Regional interconnection point. Physical flows are no longer provided and only Commercial Flows are available. Ticker changed from FRGFJPDF Index to FGRTJRAQ Index. Also, sign convention changed from negative to positive",01/01/2007,06/08/2025,Link to Terminal
29,FLXGGDNP Index,"Bras/Petange (LU to BE) Gas Net Entry Physical Flow (Daily,GWh/d,Fluxys)",Demand,Luxembourg,Luxembourg,GWh/d,-0.090909091,Negative,Used as proxy for Luxembourg demand,01/01/2011,06/08/2025,Link to Terminal
30,FLXGLTNP Index,"Zeebrugge LNG Belgium Net Entry Physical Flow (Daily,GWh/d,Fluxys)",Import,LNG,Belgium,GWh/d,0.090909091,,,01/01/2011,06/08/2025,Link to Terminal
31,FLXGZ2NP Index,Zelzate 2 Net Entry Daily Physical Flow (Fluxys)(GWh/d)(NL>BE),Demand,Netherlands,Zebra,GWh/d,-0.090909091,Negative,Kept for historicals,01/01/2011,30/12/2020,Link to Terminal
32,FLXGZTNP Index,"Zeebrugge ZPT (NO to BE) Gas Net Entry Physical Flow (Daily,GWh/d,Fluxys)",Import,Norway,Europe,GWh/d,0.090909091,,,01/01/2011,06/08/2025,Link to Terminal
33,FRGCADIC Index,"France Gas Industrial non HMS Demand (Daily,GWh/d,GRTgaz)",Demand,France,Industrial,GWh/d,0.090909091,,,01/01/2010,06/08/2025,Link to Terminal
34,FRGCNDCC Index,"France Gas Industrial HMS Demand (Daily,GWh/d,GRTgaz)",Demand,France,Gas-to-Power,GWh/d,0.090909091,,,01/01/2011,06/08/2025,Link to Terminal
35,FRGCPIRA Index,"France Gas Domestic Demand (PIRR) (Daily,GWh/d,GRTgaz)",Demand,France,LDZ,GWh/d,0.090909091,,,01/01/2013,06/08/2025,Link to Terminal
36,FRGCSDPD Index,"France Gas Domestic Demand (Public Distribution) (Daily,GWh/d,GRTgaz)",Demand,France,LDZ,GWh/d,0.090909091,,,01/01/2010,06/08/2025,Link to Terminal
37,FRGFDPDF Index,"Dunkerque (NO to FR) Gas PIR Net Entry Physical Flow (Daily,GWh/d,GRTgaz)",Import,Norway,Europe,GWh/d,0.090909091,,,01/01/2010,06/08/2025,Link to Terminal
38,FRGFFPDF Index,"Fos LNG France Gas Entry Physical Flow (Daily,GWh/d,GRTgaz)",Import,LNG,France,GWh/d,0.090909091,,,01/01/2010,06/08/2025,Link to Terminal
39,FRGFFPGN Index,"Dunkerque LNG France Gas Entry Physical Flow (Daily,GWh/d,GRTgaz)",Import,LNG,France,GWh/d,0.090909091,,,01/07/2016,06/08/2025,Link to Terminal
40,FRGFLHDF Index,"Le Havre LNG France Gas Entry Physical Flow (Daily,GWh/d,GRTgaz)",Import,LNG,France,GWh/d,0.090909091,,,25/08/2023,06/08/2025,Link to Terminal
41,FRGFNPDF Index,"Montoir LNG France Gas Entry Physical Flow (Daily,GWh/d,GRTgaz)",Import,LNG,France,GWh/d,0.090909091,,,01/01/2010,06/08/2025,Link to Terminal
42,FRGFOPDF Index,"Oltingue (CH to FR) Gas PIR Net Entry Physical Flow (Daily,GWh/d,GRTgaz)",Demand,Switzerland,Switzerland,GWh/d,-0.090909091,Negative,,01/01/2010,06/08/2025,Link to Terminal
43,FXYCHPIC Index,"Belgium Gas H-Cal Gas Industrial Demand (Daily,GWh/d,Fluxys)",Demand,Belgium,Industrial,GWh/d,-0.090909091,Negative,,01/12/2012,06/08/2025,Link to Terminal
44,FXYCLPIC Index,Belgium Industrial Demand Daily Physical Flow (L-Zone)(Fluxys)(GWh/d),Demand,Belgium,Industrial,GWh/d,-0.090909091,Negative,"As of September 1, 2024 data has been discontinued as Fluxys Belgium and Distribution System Operators completed switching end-users of low-calorific natural gas to high-calorific natural gas. As a result, low-calorific gas consumption data for end-users is no longer reported.",01/12/2012,31/08/2024,Link to Terminal
45,FXYDHPDE Index,"Belgium Gas H-Cal Gas Domestic Demand (Daily,GWh/d,Fluxys)",Demand,Belgium,LDZ,GWh/d,-0.090909091,Negative,,01/12/2012,06/08/2025,Link to Terminal
46,FXYDLPDE Index,Belgium Local Distribution Daily Physical Flow (L-Zone)(Fluxys)(GWh/d),Demand,Belgium,LDZ,GWh/d,-0.090909091,Negative,"As of September 1, 2024 data has been discontinued as Fluxys Belgium and Distribution System Operators completed switching end-users of low-calorific natural gas to high-calorific natural gas. As a result, low-calorific gas consumption data for end-users is no longer reported.",01/12/2012,31/08/2024,Link to Terminal
47,FXYPHPPP Index,"Belgium Gas H-Cal Power Gen Demand (Daily,GWh/d,Fluxys)",Demand,Belgium,Gas-to-Power,GWh/d,-0.090909091,Negative, ,01/12/2012,06/08/2025,Link to Terminal
48,FXYPLPPP Index,Fluxys Gas L-Zone End User Domestic Exit Point PP Physical Flow,Demand,Belgium,Gas-to-Power,MWh/d,-9.09091E-05,Negative,"As of September 1, 2024 data has been discontinued as Fluxys Belgium and Distribution System Operators completed switching end-users of low-calorific natural gas to high-calorific natural gas. As a result, low-calorific gas consumption data for end-users is no longer reported.",01/12/2012,08/01/2014,Link to Terminal
49,GAAFDORN Index,Gassco Dornum Daily Average Flow,Import,Norway,Germany/Netherlands,MCM/d,1,,Not used - discontinued: listed for historical backup purposes,16/10/2014,30/11/2020,Link to Terminal
50,GAAFDUNK Index,Gassco Dunkirk Daily Average Gas Flow,Import,Norway,France,MCM/d,1,,Not used - discontinued: listed for historical backup purposes,16/10/2014,30/11/2020,Link to Terminal
51,GAAFEASI Index,Gassco Easington Daily Average Gas Flow,Import,Norway,GB,MCM/d,1,,Not used - discontinued: listed for historical backup purposes,16/10/2014,30/11/2020,Link to Terminal
52,GAAFEMDE Index,Gassco Emden Daily Average Gas Flow,Import,Norway,Germany/Netherlands,MCM/d,1,,Not used - discontinued: listed for historical backup purposes,16/10/2014,30/11/2020,Link to Terminal
53,GAAFENTY Index,Gassco Entry SEGAL Daily Average Gas Flow,Import,Norway,Europe,MCM/d,1,,"Discontinued, will be used only for historical purposes and replaced with daily nominations for SEGAL, GAANENTY Index",16/10/2014,30/11/2020,Link to Terminal
54,GAAFENTY Index,Gassco Entry SEGAL Daily Average Gas Flow,Production,GB,GB,MCM/d,-1,Negative,"Discontinued, used to segment National Grid data into ""pure"" U.K. production",16/10/2014,30/11/2020,Link to Terminal
55,GAAFSTFE Index,Gassco St Fergus Daily Average Gas Flow,Import,Norway,Europe,MCM/d,1,,"Discontinued, will be used only for historical purposes and replaced with daily nominations for St. Fergus, GAANSTFE Index",15/10/2014,30/11/2020,Link to Terminal
56,GAAFSTFE Index,Gassco St Fergus Daily Average Gas Flow,Production,GB,GB,MCM/d,-1,Negative,"Discontinued, used to segment National Grid data into ""pure"" U.K. production",15/10/2014,30/11/2020,Link to Terminal
57,GAAFZEEB Index,Gassco Zeebrugge Daily Average Gas Flow,Import,Norway,Belgium,MCM/d,1,,Not used: listed for backup purposes,16/10/2014,30/11/2020,Link to Terminal
58,GAANEASI Index,Easington Exit Intraday Within-Day Nominations (Gassco)(MCM/d),Import,Norway,GB,MCM/d,1,,Not used: listed for backup purposes,01/12/2020,07/08/2025,Link to Terminal
59,GAANENTY Index,Field Delivering into SEGAL Exit Daily Within-Day Nominations (Gassco)(MCM/d),Import,Norway,Europe,MCM/d,1,,Replacement for discontinued ticker (GAAFENTY) for daily physical flows to SEGAL following changes in Gassco's reporting system,01/12/2020,06/08/2025,Link to Terminal
60,GAANENTY Index,Field Delivering into SEGAL Exit Daily Within-Day Nominations (Gassco)(MCM/d),Production,GB,GB,MCM/d,-1,Negative,Replacement for discontinued ticker for daily physical flows to SEGAL (GAAFENTY) following changes in Gassco's reporting system,01/12/2020,06/08/2025,Link to Terminal
61,GAANSTFE Index,St Fergus Exit Daily Within-Day Nominations (Gassco)(MCM/d),Import,Norway,Europe,MCM/d,1,,Replacement for discontinued ticker (GAAFSTFE) for daily physical flows to St. Fergus following changes in Gassco's reporting system,01/12/2020,06/08/2025,Link to Terminal
62,GAANSTFE Index,St Fergus Exit Daily Within-Day Nominations (Gassco)(MCM/d),Production,GB,GB,MCM/d,-1,Negative,Replacement for discontinued ticker for daily physical flows to St. Fergus (GAAFSTFE) following changes in Gassco's reporting system,01/12/2020,06/08/2025,Link to Terminal
63,GAANTOTL Index,Norway Total Exit Daily Within-Day Nominations (Gassco)(MCM/d),Import,Norway,#Europe,MCM/d,1,,Not used: listed for backup purposes. Nominations instead of physical flows.,01/12/2020,06/08/2025,Link to Terminal
64,GCAGMODX Index,Mosonmagyarovar Daily Gas Flow Exit (AT>HU),Export,Austria,Hungary,GWh/d,-0.090909091,,,01/01/2013,06/08/2025,Link to Terminal
65,GCAGMUDX Index,Murfeld (AT) / Cersak (SI) Daily Gas Flow Exit (AT>SI),Import,Slovenia,Austria,GWh/d,-0.090909091,Negative,Flows into Austria - reported as unidirectional only,01/01/2013,06/08/2025,Link to Terminal
66,GCPFMKDF Index,Deutsche Ostsee(Mukran) LNG Terminal Entry Daily PhysicalFlow (Gascade)(GWh/d),Import,LNG,Germany,GWh/d,0.090909091,,,01/03/2024,06/08/2025,Link to Terminal
67,GCPFMNTL Index,Mallnow Entry Daily Physical Flows (Gascade) (GWh/d),Import,Czech and Poland,Germany,GWh/d,0.090909091,,,01/01/2011,06/08/2025,Link to Terminal
68,GCPFMXDF Index,Mallnow Exit Daily Physical Flow (Gascade) (GWh/d),Import,Czech and Poland,Germany,GWh/d,-0.090909091,Negative,,18/01/2016,06/08/2025,Link to Terminal
69,GCPFVEDF Index ,VIP Brandov Net Entry Daily Physical Flow (Gascade)(GWh/d)(CZ>DE),Import,Czech and Poland,Germany,GWh/d,0.090909091,,,01/11/2018,06/08/2025,Link to Terminal
70,SGIEBIWI Index,Bierwang  Withdrawal,Net Withdrawals,Germany,Germany,GWh/d,0.090909091,,,31/03/2009,05/08/2025,Link to Terminal
71,SGIEBRIN Index,Breitbrunn  Injection,Net Withdrawals,Germany,Germany,GWh/d,-0.090909091,Negative,,31/03/2009,05/08/2025,Link to Terminal
72,SGIEBRWI Index,Breitbrunn  Withdrawal,Net Withdrawals,Germany,Germany,GWh/d,0.090909091,,,31/03/2009,05/08/2025,Link to Terminal
73,GPLCORMH Index,GASPOOL Consumption RLMmT H-gas,Demand,#Germany,Industrial and Power,GWh/d,0.090909091,,Discontinued following THE Merger - Not used,01/01/2016,30/09/2021,Link to Terminal
74,GPLCORML Index,GASPOOL Consumption RLMmT L-gas,Demand,#Germany,Industrial and Power,GWh/d,0.090909091,,Discontinued following THE Merger - Not used,01/01/2016,30/09/2021,Link to Terminal
75,GPLCOROH Index,GASPOOL Consumption RLMoT H-gas,Demand,#Germany,Industrial and Power,GWh/d,0.090909091,,Discontinued following THE Merger - Not used,01/01/2016,30/09/2021,Link to Terminal
76,GPLCOROL Index,GASPOOL Consumption RLMoT L-gas,Demand,#Germany,Industrial and Power,GWh/d,0.090909091,,Discontinued following THE Merger - Not used,01/01/2016,30/09/2021,Link to Terminal
77,GPLCOSAH Index,GASPOOL Consumption SLPana H-gas,Demand,#Germany,LDZ,GWh/d,0.090909091,,Discontinued following THE Merger - Not used,01/01/2016,30/09/2021,Link to Terminal
78,GPLCOSAL Index,GASPOOL Consumption SLPana L-gas,Demand,#Germany,LDZ,GWh/d,0.090909091,,Discontinued following THE Merger - Not used,01/01/2016,30/09/2021,Link to Terminal
79,GPLCOSSH Index,GASPOOL Consumption SLPsyn H-gas,Demand,#Germany,LDZ,GWh/d,0.090909091,,Discontinued following THE Merger - Not used,01/01/2016,30/09/2021,Link to Terminal
80,GPLCOSSL Index,GASPOOL Consumption SLPsyn L-gas,Demand,#Germany,LDZ,GWh/d,0.090909091,,Discontinued following THE Merger - Not used,01/01/2016,30/09/2021,Link to Terminal
81,GT1CDEGS ACT 24AV Index,Germany Power Generation by Fuel - Gas Actual Daily Average,Intermediate Calculation,#Germany,Gas-to-Power,megawatt,0.004848485,,used to segment industrial into 'pure' industrial and gas-to-power components,01/01/2015,06/08/2025,Link to Terminal
82,GT1CNLGS ACT 24AV Index,Netherlands Power Generation by Fuel - Gas Actual Daily Average,Intermediate Calculation,#Netherlands,Gas-to-Power,megawatt,0.004848485,,used to segment industrial into 'pure' industrial and gas-to-power components for historical data,01/01/2015,06/08/2025,Link to Terminal
83,GUDFBRDN Index,Brunsbuettel LNG Terminal Entry Daily Physical Flow (GUD)(GWh/d),Import,LNG,Germany,GWh/d,0.090909091,,,07/03/2023,06/08/2025,Link to Terminal
84,GUDFDODF Index,Dornum Gasunie DTS Daily Gas Flows (Norway to Germany),Import,Norway,Europe,GWh/d,0.090909091,,,13/11/2013,06/08/2025,Link to Terminal
85,GUDFDTDF Index,VIP DK-THE Net Entry Daily Gas Flow (GUD)(GWh/d)(DK>DE),Import,Denmark,Germany,GWh/d,0.090909091,,,01/01/2015,06/08/2025,Link to Terminal
86,SGIEBLIN Index,Bremen-Lesum  Injection,Net Withdrawals,Germany,Germany,GWh/d,-0.090909091,Negative,,31/12/2010,05/08/2025,Link to Terminal
87,SGIEBLWI Index,Bremen-Lesum  Withdrawal,Net Withdrawals,Germany,Germany,GWh/d,0.090909091,,,31/12/2010,05/08/2025,Link to Terminal
88,CRYSDTIN Index,Crystal Injection,Net Withdrawals,Germany,Germany,GWh/d,-0.090909091,,Etzel Crystal EnbW,18/03/2015,06/08/2025,Link to Terminal
89,CRYSETIN Index,Crystal Injection,Net Withdrawals,Germany,Germany,GWh/d,-0.090909091,,Etzel Crystal EDF,04/03/2015,06/08/2025,Link to Terminal
90,CRYSDTWI Index,Crystal Withdrawal,Net Withdrawals,Germany,Germany,GWh/d,0.090909091,,Etzel Crystal EnbW,18/03/2015,06/08/2025,Link to Terminal
91,N4GSWHEK Index,Waidhaus Border Transfer Station Entry Flows (GWh) - Net4Gas Czech Republic,Import,Czech and Poland,Germany,gwh,-0.090909091,Negative,,01/01/2007,06/08/2025,Link to Terminal
92,N4GSWHXK Index,Waidhaus Border Transfer Station Exit Flows (GWh/d) - Net4Gas Czech Republic,Import,Czech and Poland,Germany,GWh/d,0.090909091,,,01/01/2007,06/08/2025,Link to Terminal
93,NCGCORMH Index,NCG Consumption RLMmT H-gas,Demand,#Germany,Industrial and Power,GWh/d,0.090909091,,Discontinued following THE Merger - Not used,01/04/2011,30/09/2021,Link to Terminal
94,NCGCORML Index,NCG Consumption RLMmT L-gas,Demand,#Germany,Industrial and Power,GWh/d,0.090909091,,Discontinued following THE Merger - Not used,01/04/2011,30/09/2021,Link to Terminal
95,NCGCOROH Index,NCG Consumption RLMoT H-gas,Demand,#Germany,Industrial and Power,GWh/d,0.090909091,,Discontinued following THE Merger - Not used,01/04/2011,30/09/2021,Link to Terminal
96,NCGCOROL Index,NCG Consumption RLMoT L-gas,Demand,#Germany,Industrial and Power,GWh/d,0.090909091,,Discontinued following THE Merger - Not used,01/04/2011,30/09/2021,Link to Terminal
97,NCGCOSAH Index,NCG Consumption SLPana H-gas,Demand,#Germany,LDZ,GWh/d,0.090909091,,Discontinued following THE Merger - Not used,01/04/2011,30/09/2021,Link to Terminal
98,NCGCOSAL Index,NCG Consumption SLPana L-gas,Demand,#Germany,LDZ,GWh/d,0.090909091,,Discontinued following THE Merger - Not used,01/04/2011,30/09/2021,Link to Terminal
99,NCGCOSSH Index,NCG Consumption SLPsyn H-gas,Demand,#Germany,LDZ,GWh/d,0.090909091,,Discontinued following THE Merger - Not used,01/04/2011,30/09/2021,Link to Terminal
100,NCGCOSSL Index,NCG Consumption SLPsyn L-gas,Demand,#Germany,LDZ,GWh/d,0.090909091,,Discontinued following THE Merger - Not used,01/04/2011,30/09/2021,Link to Terminal
101,NELFDODF Index,Deutsche Ostsee (Lubmin) LNG Terminal Entry Daily Physical Flow (NEL)(GWh/d),Import,LNG,Germany,GWh/d,0.090909091,,,23/12/2022,06/08/2025,Link to Terminal
102,NELFPFDF Index,Greifswald Nordstream NEL Daily Gas Flows (Russia to Germany) (GWh/day),Import,Russia (Nord Stream),Germany,GWh/d,0.090909091,,,01/11/2012,06/08/2025,Link to Terminal
103,NGIOITOT Index,UK Industrial Daily Physical Flow (National Grid)(MCM/d),Demand,GB,Industrial,MCM/d,1,,,08/11/2008,06/08/2025,Link to Terminal
104,NGIOPTOT Index,NTS Power Station Aggregate Total Physical Flows,Demand,GB,Gas-to-Power,MCM/d,1,,,08/11/2008,06/08/2025,Link to Terminal
105,NGIOSBPS Index,NTS Physical Flows Moffat Interconnector,Demand (Net),Island of Ireland,Island of Ireland,million cubic meters,1,,Net demand for the island of Ireland - Moffat is the entry point from the Nat Grid GB system for three pipelines linking GB to the island. ,08/11/2008,06/08/2025,Link to Terminal
106,NLDZTL1D Index,NatGrid LDZ Actual Demand Aggregated Total D+1,Demand,GB,LDZ,MCM/d,1,,,08/11/2008,06/08/2025,Link to Terminal
107,NLGDGBNH Index,Netherlands Gas Burn Daily Physical Flow (H-gas)(GTS)(GWh/d),Demand,#Netherlands,Gas-to-Power,GWh/d,0.090909091,,New tickers with split - old aggregation still used at present,01/07/2022,06/08/2025,Link to Terminal
108,NLGDGBNL Index,Netherlands Gas Burn Daily Physical Flow (L-gas)(GTS)(GWh/d),Demand,#Netherlands,Gas-to-Power,GWh/d,0.090909091,,New tickers with split - old aggregation still used at present,01/07/2022,06/08/2025,Link to Terminal
109,NLGDINDH Index,Netherlands Industrial Demand Daily Physical Flow (H-gas)(GTS)(GWh/d),Demand,#Netherlands,Industrial,GWh/d,0.090909091,,New tickers with split - old aggregation still used at present,01/07/2022,06/08/2025,Link to Terminal
110,NLGDINDL Index,Netherlands Industrial Demand Daily Physical Flow (L-gas)(GTS)(GWh/d),Demand,#Netherlands,Industrial,GWh/d,0.090909091,,New tickers with split - old aggregation still used at present,01/07/2022,06/08/2025,Link to Terminal
111,NLGDINDO Index,Gasunie Netherlands Industrial and Power Plant Gas Offtake (GWh/Day),Demand,Netherlands,Industrial and Power,GWh/d,0.090909091,,Still used at present - #Netherlands includes the new split of data from July 1 2022. The new 4 tickers are summed to produced this ticker,19/06/2008,06/08/2025,Link to Terminal
112,NLGDLDCH Index,Netherlands Local Distribution Daily Physical Flow (H-Gas)(GTS)(GWh/d),Demand,Netherlands,LDZ,GWh/d,0.090909091,,,01/07/2022,06/08/2025,Link to Terminal
113,NLGDLDCL Index,Netherlands Local Distribution Daily Physical Flow (L-Gas)(GTS)(GWh/d),Demand,Netherlands,LDZ,GWh/d,0.090909091,,,01/07/2022,06/08/2025,Link to Terminal
114,NLGDLDCO Index,Gasunie Netherlands Local Distribution Co.Gas Offtake (GWh/Day),Demand,Netherlands,LDZ,GWh/d,0.090909091,,Kept for historicals,19/06/2008,07/07/2022,Link to Terminal
115,NLGDPDCO Index,Gasunie Netherlands Private Distribution Co Gas Offtake (GWh/Day),Demand,Netherlands,LDZ,GWh/d,0.090909091,,Kept for historicals,19/06/2008,07/07/2022,Link to Terminal
116,NLGFEEGF Index ,Eems Energy Terminal Daily LNG Inflow (GWh/d) (GTS),Import,LNG,Netherlands,GWh/d,0.090909091,,,01/09/2022,06/08/2025,Link to Terminal
117,NLGFEMDF Index,Emden Daily Gas Flow (NO>NL) (GWh/d) (GTS),Import,Norway,Europe,GWh/d,0.090909091,,,01/10/2015,06/08/2025,Link to Terminal
118,NLGFPRDF Index,Netherlands Production Daily Gas Flow (GWh/d) (GTS),Production,Netherlands,Netherlands,GWh/d,0.090909091,,,19/06/2008,06/08/2025,Link to Terminal
119,NLGFPRGR Index,Netherlands Green Gas Daily Production (GTS)(GWh/d),Production,Netherlands,Netherlands,GWh/d,0.090909091,,,01/07/2022,06/08/2025,Link to Terminal
120,NLGFRODF Index,Rotterdam (Gate) Daily LNG Inflow (GWh/d) (GTS),Import,LNG,Netherlands,GWh/d,0.090909091,,,01/09/2011,06/08/2025,Link to Terminal
121,NTEEBRNV Index,NatGrid NTS ST Fergus Shell EOD Volume (mcm),Production,GB,GB,million cubic meters,1,,,30/05/2011,06/08/2025,Link to Terminal
122,NTEEBRPV Index,NatGrid NTS Burton Point EOD Volume (mcm),Production,GB,GB,million cubic meters,1,,,30/05/2011,06/08/2025,Link to Terminal
123,NTEEBRSV Index,NatGrid NTS Barrow EOD Volume (mcm),Production,GB,GB,million cubic meters,1,,,02/06/2011,06/08/2025,Link to Terminal
124,NTEECONV Index,NatGrid NTS Theddlethorpe Conoco EOD Volume (mcm),Production,GB,GB,million cubic meters,1,,,30/05/2011,05/09/2021,Link to Terminal
125,NTEEDIMV Index,NatGrid NTS Easington Dimlington EOD Volume (mcm),Production,GB,GB,million cubic meters,1,,,30/05/2011,06/08/2025,Link to Terminal
126,NTEEDRNV Index,NatGrid NTS Dragon EOD Volume (mcm),Import,LNG,GB,million cubic meters,1,,,30/05/2011,06/08/2025,Link to Terminal
127,NTEEENRV Index,NatGrid NTS Teesside PX EOD Volume (mcm),Production,GB,GB,million cubic meters,1,,,30/05/2011,06/08/2025,Link to Terminal
128,NTEEGRTL Index,NatGrid NTS Grain EOD Volume (mcm) Total,Import,LNG,GB,million cubic meters,1,,,30/05/2011,06/08/2025,Link to Terminal
129,NTEELANV Index,NatGrid NTS Easington Langeled EOD Volume (mcm),Import,Norway,Europe,million cubic meters,1,,,30/05/2011,06/08/2025,Link to Terminal
130,NTEEROGV Index,NatGrid NTS Rough System Entry EOD Volume (mcm),Production,GB,GB,million cubic meters,1,,,30/05/2011,06/08/2025,Link to Terminal
131,NTEESAGV Index,NatGrid NTS ST Fergus Mobil EOD Volume (mcm),Production,GB,GB,million cubic meters,1,,,30/05/2011,06/08/2025,Link to Terminal
132,NTEESEAV Index,NatGrid NTS Bacton Seal EOD Volume (mcm),Production,GB,GB,million cubic meters,1,,,30/05/2011,06/08/2025,Link to Terminal
133,NTEESHAV Index,NatGrid NTS Bacton Perenco EOD Volume (mcm),Production,GB,GB,million cubic meters,1,,,30/05/2011,06/08/2025,Link to Terminal
134,NTEESPOV Index,NatGrid NTS Bacton Shell EOD Volume (mcm),Production,GB,GB,million cubic meters,1,,,30/05/2011,06/08/2025,Link to Terminal
135,NTEESTHV Index,NatGrid NTS South Hook EOD Volume (mcm),Import,LNG,GB,million cubic meters,1,,,30/05/2011,06/08/2025,Link to Terminal
136,NTEETAMV Index,NatGrid NTS Teesside BP EOD Volume (mcm),Production,GB,GB,million cubic meters,1,,,30/05/2011,06/08/2025,Link to Terminal
137,NTEETOMV Index,NatGrid NTS ST Fergus NSMP EOD Volume (mcm),Production,GB,GB,million cubic meters,1,,,30/05/2011,06/08/2025,Link to Terminal
138,NTEEYORV Index,NatGrid NTS Easington York EOD Volume (mcm),Production,GB,GB,million cubic meters,1,,,18/03/2013,06/08/2025,Link to Terminal
139,OGECEMED Index,Emden (EPT1) (OGE) Daily Gas Flow Entry (NO>DE NCG),Import,Norway,Europe,MCM/d,1,,,06/12/2016,06/08/2025,Link to Terminal
140,OGEUREXD Index,Remich Daily Gas Flow Exit (DE NCG>LU),Demand,Luxembourg,Luxembourg,GWh/d,0.090909091,,Used as proxy for Luxembourg demand,06/12/2016,06/08/2025,Link to Terminal
141,OGEUWIDF Index,Wilhelmshaven LNG Terminal Entry Daily Physical Flow (OGE)(GWh/d),Import,LNG,Germany,GWh/d,0.090909091,,,20/12/2022,06/08/2025,Link to Terminal
142,ONTGRDDF Index,Greifswald NordStream OPAL Daily Gas Flows (Russia to Germany) (GWh/day),Import,Russia (Nord Stream),Germany,GWh/d,0.090909091,,,01/10/2011,30/08/2023,Link to Terminal
143,PLGSOOCP IDEX Index,GCP Gaz-System/Ontras Entry Gas Flow (DE to PL) (Gaz-System),Import,Czech and Poland,Germany,GWh/d,-0.090909091,Negative,VIP flows from Germany into Poland. Doesn't include Mallnow. Key point is Lasow,01/04/2016,06/08/2025,Link to Terminal
144,CRYSETWI Index,Crystal Withdrawal,Net Withdrawals,Germany,Germany,GWh/d,0.090909091,,Etzel Crystal EDF,04/03/2015,06/08/2025,Link to Terminal
145,GHGSEMST Index,Empelde Gas Storage Level (Gasspeicher Hannover),Inventory,Germany,Germany,million cubic meters,1,,,01/01/2017,06/08/2025,Link to Terminal
146,GHGSEMIN Index,Empelde Injection,Net Withdrawals,Germany,Germany,MCM/d,-1,Negative,,01/01/2017,06/08/2025,Link to Terminal
147,GHGSEMWI Index,Empelde Withdrawal,Net Withdrawals,Germany,Germany,MCM/d,1,,,01/01/2017,06/08/2025,Link to Terminal
148,SGIEEPIN Index,Enschede - Epe Injection,Net Withdrawals,Germany,Germany,GWh/d,-0.090909091,Negative,Enschede EPE Eneco,06/04/2016,05/08/2025,Link to Terminal
149,SGIEEPWI Index,Enschede - Epe Withdrawal,Net Withdrawals,Germany,Germany,GWh/d,0.090909091,,Enschede EPE Eneco,06/04/2016,05/08/2025,Link to Terminal
150,SGIEEEIN Index,Enschede-Epe Injection,Net Withdrawals,Germany,Germany,GWh/d,-0.090909091,Negative,Enschede EPE Nuon,31/12/2015,05/08/2025,Link to Terminal
151,SGIEEEWI Index,Enschede-Epe Withdrawal,Net Withdrawals,Germany,Germany,GWh/d,0.090909091,,Enschede EPE Nuon,31/12/2015,05/08/2025,Link to Terminal
152,SGIEEKIN Index,Epe (KGE) Injection,Net Withdrawals,Germany,Germany,GWh/d,-0.090909091,Negative,,31/12/2010,05/08/2025,Link to Terminal
153,SGIEEKWI Index,Epe (KGE) Withdrawal,Net Withdrawals,Germany,Germany,GWh/d,0.090909091,,,31/12/2010,05/08/2025,Link to Terminal
154,SGIEETIN Index,Epe (Trianel) Injection,Net Withdrawals,Germany,Germany,GWh/d,-0.090909091,Negative,,01/04/2016,05/08/2025,Link to Terminal
155,SGIEETWI Index,Epe (Trianel) Withdrawal,Net Withdrawals,Germany,Germany,GWh/d,0.090909091,,,01/04/2016,05/08/2025,Link to Terminal
156,SGIEHEIN Index,Epe EON H-Gas  Injection,Net Withdrawals,Germany,Germany,GWh/d,-0.090909091,Negative,,31/03/2009,05/08/2025,Link to Terminal
157,SGIEHEWI Index,Epe EON H-Gas  Withdrawal,Net Withdrawals,Germany,Germany,GWh/d,0.090909091,,,31/03/2009,05/08/2025,Link to Terminal
158,SGIELEIN Index,Epe EON L-Gas  Injection,Net Withdrawals,Germany,Germany,GWh/d,-0.090909091,Negative,,01/01/2011,05/08/2025,Link to Terminal
159,SGIELEWI Index,Epe EON L-Gas  Withdrawal,Net Withdrawals,Germany,Germany,GWh/d,0.090909091,,,01/01/2011,05/08/2025,Link to Terminal
160,SGIEEHIN Index,Epe H-Gas (RWE) Injection,Net Withdrawals,Germany,Germany,GWh/d,-0.090909091,Negative,"Historical data prior to April 1, 2017",31/03/2009,02/04/2017,Link to Terminal
161,SGIEEHWI Index,Epe H-Gas (RWE) Withdrawal,Net Withdrawals,Germany,Germany,GWh/d,0.090909091,,"Historical data prior to April 1, 2017",31/03/2009,02/04/2017,Link to Terminal
162,SGIEELIN Index,Epe L-Gas (RWE) Injection,Net Withdrawals,Germany,Germany,GWh/d,-0.090909091,Negative,,01/01/2011,05/08/2025,Link to Terminal
163,SGIEELWI Index,Epe L-Gas (RWE) Withdrawal,Net Withdrawals,Germany,Germany,GWh/d,0.090909091,,,01/01/2011,05/08/2025,Link to Terminal
164,SGIEERIN Index,Epe NL (RWE) Injection,Net Withdrawals,Germany,Germany,GWh/d,-0.090909091,Negative,,31/12/2010,05/08/2025,Link to Terminal
165,SGIEERWI Index,Epe NL (RWE) Withdrawal,Net Withdrawals,Germany,Germany,GWh/d,0.090909091,,,31/12/2010,05/08/2025,Link to Terminal
166,SGIEEUIN Index,Eschenfelden  Injection,Net Withdrawals,Germany,Germany,GWh/d,-0.090909091,Negative,Field has decommissioned,31/03/2009,18/04/2021,Link to Terminal
167,SGIEEUWI Index,Eschenfelden  Withdrawal,Net Withdrawals,Germany,Germany,GWh/d,0.090909091,,Field has decommissioned,31/03/2009,18/04/2021,Link to Terminal
168,SGIEKBIN Index,Etzel (EKB) Injection,Net Withdrawals,Germany,Germany,GWh/d,-0.090909091,Negative,"Etzel EKB - inventories: ETZGEWGV Index replaced with SGIEKBST Index after 7/4/2022. Injections/withdrawals: ETZGINJE Index and ETZGWITH Index from start of series to 7/4/2022, then replaced by SGIEKBIN Index and SGIEKBWI Index.",07/04/2022,05/08/2025,Link to Terminal
169,SGIEKBWI Index,Etzel (EKB) Withdrawal,Net Withdrawals,Germany,Germany,GWh/d,0.090909091,,"Etzel EKB - inventories: ETZGEWGV Index replaced with SGIEKBST Index after 7/4/2022. Injections/withdrawals: ETZGINJE Index and ETZGWITH Index from start of series to 7/4/2022, then replaced by SGIEKBIN Index and SGIEKBWI Index.",07/04/2022,05/08/2025,Link to Terminal
170,CRYSETST Index,Etzel Crystal Gas Storage Level (EDF),Inventory,Germany,Germany,gwh,0.090909091,,Etzel Crystal EDF,14/10/2014,06/08/2025,Link to Terminal
171,CRYSDTST Index,Etzel Crystal Gas Storage Level (EnBW),Inventory,Germany,Germany,gwh,0.090909091,,Etzel Crystal EnbW,01/07/2014,06/08/2025,Link to Terminal
172,SGIEEGIN Index,Etzel EGL  Injection,Net Withdrawals,Germany,Germany,GWh/d,-0.090909091,Negative,Erdgas Lager EGL (Uniper),31/03/2009,05/08/2025,Link to Terminal
173,SGIEEGWI Index,Etzel EGL  Withdrawal,Net Withdrawals,Germany,Germany,GWh/d,0.090909091,,Erdgas Lager EGL (Uniper),31/03/2009,05/08/2025,Link to Terminal
174,SGIEGLIN Index,Etzel EGL Injection,Net Withdrawals,Germany,Germany,GWh/d,-0.090909091,Negative,Equinor (Statoil) Etzel EGL,31/12/2015,05/08/2025,Link to Terminal
175,SGIEGLWI Index,Etzel EGL Withdrawal,Net Withdrawals,Germany,Germany,GWh/d,0.090909091,,Equinor (Statoil) Etzel EGL,31/12/2015,05/08/2025,Link to Terminal
176,SGIESEIN Index,Etzel ESE  Injection,Net Withdrawals,Germany,Germany,GWh/d,-0.090909091,Negative,Etzel ESE (Uniper),01/01/2011,05/08/2025,Link to Terminal
177,SGIESEWI Index,Etzel ESE  Withdrawal,Net Withdrawals,Germany,Germany,GWh/d,0.090909091,,Etzel ESE (Uniper),01/01/2011,05/08/2025,Link to Terminal
178,SGIEEMIN Index,Etzel ESE (MET) Injection,Net Withdrawals,Germany,Germany,GWh/d,-0.090909091,Negative,"Ticker for Etzel ESE -  EESEWGVF Index until 20/9/2021, them SGIEEMST Index. For injections and withdrawals: EESGINFL Index and EESGWTFL Index from 20/9/2021 to 2/4/2022 and then SGIEEMIN Index and SGIEEMWI Index.",02/04/2022,05/08/2025,Link to Terminal
179,SGIEEMWI Index,Etzel ESE (MET) Withdrawal,Net Withdrawals,Germany,Germany,GWh/d,0.090909091,,"Ticker for Etzel ESE -  EESEWGVF Index until 20/9/2021, them SGIEEMST Index. For injections and withdrawals: EESGINFL Index and EESGWTFL Index from 20/9/2021 to 2/4/2022 and then SGIEEMIN Index and SGIEEMWI Index.",02/04/2022,05/08/2025,Link to Terminal
180,SGIEEOIN Index,Etzel ESE (OMV) Injection,Net Withdrawals,Germany,Germany,GWh/d,-0.090909091,Negative,,01/04/2013,05/08/2025,Link to Terminal
181,SGIEEOWI Index,Etzel ESE (OMV) Withdrawal,Net Withdrawals,Germany,Germany,GWh/d,0.090909091,,,01/04/2013,05/08/2025,Link to Terminal
182,SGIEVNIN Index,Etzel ESE (VNG) Injection,Net Withdrawals,Germany,Germany,GWh/d,-0.090909091,Negative,,06/04/2016,05/08/2025,Link to Terminal
183,SGIEVNWI Index,Etzel ESE (VNG) Withdrawal,Net Withdrawals,Germany,Germany,GWh/d,0.090909091,,,06/04/2016,05/08/2025,Link to Terminal
184,SGIEZLIN Index,EWE Zone L (EWE) Injection,Net Withdrawals,Germany,Germany,GWh/d,-0.090909091,Negative,,01/05/2013,05/08/2025,Link to Terminal
185,SGIEZLWI Index,EWE Zone L (EWE) Withdrawal,Net Withdrawals,Germany,Germany,GWh/d,0.090909091,,,01/05/2013,05/08/2025,Link to Terminal
189,SGIEFTIN Index,Fronhofen-Trigonodus Injection,Net Withdrawals,Germany,Germany,GWh/d,-0.090909091,Negative,Field has decommissioned,06/04/2016,30/09/2024,Link to Terminal
190,SGIEFTWI Index,Fronhofen-Trigonodus With,Net Withdrawals,Germany,Germany,GWh/d,0.090909091,,Field has decommissioned,06/04/2016,30/09/2024,Link to Terminal
191,SGIESPST Index,GIE RAG Storage Pool Storage (TWh),Inventory,Austria,Austria,TWh,90.90909091,,,31/12/2010,05/08/2025,Link to Terminal
192,SGIE7FST Index,GIE UGS 7 Fields (Uniper) Storage (TWh),Inventory,Germany,Germany,TWh,90.90909091,,,13/04/2011,05/08/2025,Link to Terminal
193,SGIEALIN Index,GIE UGS Alkmaar (TAQA Piek Gas) Injection (GWh/d),Net Withdrawals,Netherlands,Netherlands,GWh/d,-0.090909091,Negative,,31/12/2010,05/08/2025,Link to Terminal
194,SGIEALST Index,GIE UGS Alkmaar (TAQA Piek Gas) Storage (TWh),Inventory,Netherlands,Netherlands,TWh,90.90909091,,,31/12/2010,05/08/2025,Link to Terminal
195,SGIEALWI Index,GIE UGS Alkmaar (TAQA Piek Gas) Withdrawal (GWh/d),Net Withdrawals,Netherlands,Netherlands,GWh/d,0.090909091,,,31/12/2010,05/08/2025,Link to Terminal
196,SGIEBEIN Index,GIE UGS Bergermeer (TAQA Gas) Injection (GWh/d),Net Withdrawals,Netherlands,Netherlands,GWh/d,-0.090909091,Negative,,01/01/2015,05/08/2025,Link to Terminal
197,SGIEBEST Index,GIE UGS Bergermeer (TAQA Gas) Storage (TWh),Inventory,Netherlands,Netherlands,TWh,90.90909091,,,01/01/2015,05/08/2025,Link to Terminal
198,SGIEBEWI Index,GIE UGS Bergermeer (TAQA Gas) Withdrawal (GWh/d),Net Withdrawals,Netherlands,Netherlands,GWh/d,0.090909091,,,01/01/2015,05/08/2025,Link to Terminal
199,SGIEBBST Index,GIE UGS Berlin (BES) Storage (TWh),Inventory,Germany,Germany,TWh,90.90909091,,Field has decommissioned,06/04/2016,02/04/2017,Link to Terminal
200,SGIEBIST Index,GIE UGS Bierwang (Uniper) Storage (TWh),Inventory,Germany,Germany,TWh,90.90909091,,,01/04/2009,05/08/2025,Link to Terminal
201,SGIEBRST Index,GIE UGS Breitbrunn (Uniper) Storage (TWh),Inventory,Germany,Germany,TWh,90.90909091,,,31/03/2009,05/08/2025,Link to Terminal
202,SGIEBLST Index,GIE UGS Bremen-Lesum (Storengy Deutschland) Storage (TWh),Inventory,Germany,Germany,TWh,90.90909091,,,31/12/2010,05/08/2025,Link to Terminal
203,SGIEESIN Index,GIE UGS EnergyStock Injection (GWh/d),Net Withdrawals,Netherlands,Netherlands,GWh/d,-0.090909091,Negative,,31/12/2010,05/08/2025,Link to Terminal
204,SGIEESST Index,GIE UGS EnergyStock Storage (TWh),Inventory,Netherlands,Netherlands,TWh,90.90909091,,,31/12/2010,05/08/2025,Link to Terminal
205,SGIEESWI Index,GIE UGS EnergyStock Withdrawal (GWh/d),Net Withdrawals,Netherlands,Netherlands,GWh/d,0.090909091,,,31/12/2010,05/08/2025,Link to Terminal
206,SGIEEPST Index,GIE UGS Enschede - Epe (Eneco) Storage (TWh),Inventory,Germany,Germany,TWh,90.90909091,,Enschede EPE Eneco,06/04/2016,05/08/2025,Link to Terminal
207,SGIEEEST Index,GIE UGS Enschede - Epe (Nuon) Storage (TWh),Inventory,Germany,Germany,TWh,90.90909091,,Enschede EPE Nuon,31/12/2015,05/08/2025,Link to Terminal
208,SGIEEKST Index,GIE UGS Epe (KGE) Storage (TWh),Inventory,Germany,Germany,TWh,90.90909091,,,01/01/2011,05/08/2025,Link to Terminal
209,SGIEETST Index,GIE UGS Epe (Trianel) Storage (TWh),Inventory,Germany,Germany,TWh,90.90909091,,,01/04/2016,05/08/2025,Link to Terminal
210,SGIEHEST Index,GIE UGS Epe EON H-Gas (Uniper) Storage (TWh),Inventory,Germany,Germany,TWh,90.90909091,,,31/03/2009,05/08/2025,Link to Terminal
211,SGIELEST Index,GIE UGS Epe EON L-Gas (Uniper) Storage (TWh),Inventory,Germany,Germany,TWh,90.90909091,,,01/01/2011,05/08/2025,Link to Terminal
212,SGIEEHST Index,GIE UGS Epe H-Gas (RWE) Storage (TWh),Inventory,Germany,Germany,TWh,90.90909091,,"Historical data prior to April 1, 2017",31/03/2009,02/04/2017,Link to Terminal
213,SGIEELST Index,GIE UGS Epe L-Gas (RWE) Storage (TWh),Inventory,Germany,Germany,TWh,90.90909091,,,01/01/2011,05/08/2025,Link to Terminal
214,SGIEERST Index,GIE UGS Epe NL (RWE) Storage (TWh),Inventory,Germany,Germany,TWh,90.90909091,,,31/12/2010,05/08/2025,Link to Terminal
215,SGIEEUST Index,GIE UGS Eschenfelden (Uniper) Storage (TWh),Inventory,Germany,Germany,TWh,90.90909091,,Field has decommissioned,31/03/2009,18/04/2021,Link to Terminal
216,SGIEKBST Index,GIE UGS Etzel (EKB) Storage (TWh),Inventory,Germany,Germany,TWh,90.90909091,,"Etzel EKB - inventories is SGIEKBST Index. Injections/withdrawals: ETZGINJE Index and ETZGWITH Index from start of series to 7/4/2022, then replaced by SGIEKBIN Index and SGIEKBWI Index.",06/04/2016,05/08/2025,Link to Terminal
217,SGIEGLST Index,GIE UGS Etzel EGL (Statoil Deutschland Storage) Storage (TWh),Inventory,Germany,Germany,TWh,90.90909091,,Equinor (Statoil) Etzel EGL,31/12/2015,05/08/2025,Link to Terminal
218,SGIEEGST Index,GIE UGS Etzel Erdgas Lager EGL (Uniper) Storage (TWh),Inventory,Germany,Germany,TWh,90.90909091,,Erdgas Lager EGL (Uniper),31/03/2009,05/08/2025,Link to Terminal
219,SGIEEMST Index,GIE UGS Etzel ESE (MET Speicher) Storage (TWh),Inventory,Germany,Germany,TWh,90.90909091,,"Ticker for Etzel ESE -  EESEWGVF Index until 20/9/2021, them SGIEEMST Index. For injections and withdrawals: EESGINFL Index and EESGWTFL Index from 20/9/2021 to 2/4/2022 and then SGIEEMIN Index and SGIEEMWI Index.",02/04/2022,05/08/2025,Link to Terminal
220,SGIEEOST Index,GIE UGS Etzel ESE (OMV) Storage (TWh),Inventory,Germany,Germany,TWh,90.90909091,,,01/04/2013,05/08/2025,Link to Terminal
221,SGIESEST Index,GIE UGS Etzel ESE (Uniper) Storage (TWh),Inventory,Germany,Germany,TWh,90.90909091,,Etzel ESE (Uniper),01/01/2011,05/08/2025,Link to Terminal
222,SGIEVNST Index,GIE UGS Etzel ESE (VNG) Storage (TWh),Inventory,Germany,Germany,TWh,90.90909091,,,06/04/2016,05/08/2025,Link to Terminal
223,SGIEZLST Index,GIE UGS EWE Zone L (EWE) Storage (TWh),Inventory,Germany,Germany,TWh,90.90909091,,,01/05/2013,05/08/2025,Link to Terminal
224,SGIEFRIN Index,GIE UGS Frankenthal (Enovos) Injection (GWh/d),Net Withdrawals,Germany,Germany,GWh/d,-0.090909091,Negative,"Frankenthal: inventories ticker is ENGAFRST Index until 27/2/2023, and SGIEFRST Index thereafter. Injections/withdrawals tickers are ENGAFRIN Index/ENGAFRWI Index before 27/2/2023, and SGIEFRIN Index/SGIEFRWI Index thereafter.",27/02/2023,05/08/2025,Link to Terminal
225,SGIEFRST Index,GIE UGS Frankenthal (Enovos) Storage (TWh),Inventory,Germany,Germany,TWh,90.90909091,,"Frankenthal: inventories ticker is ENGAFRST Index until 27/2/2023, and SGIEFRST Index thereafter. Injections/withdrawals tickers are ENGAFRIN Index/ENGAFRWI Index before 27/2/2023, and SGIEFRIN Index/SGIEFRWI Index thereafter.",27/02/2023,05/08/2025,Link to Terminal
226,SGIEFRWI Index,GIE UGS Frankenthal (Enovos) Withdrawal (GWh/d),Net Withdrawals,Germany,Germany,GWh/d,0.090909091,,"Frankenthal: inventories ticker is ENGAFRST Index until 27/2/2023, and SGIEFRST Index thereafter. Injections/withdrawals tickers are ENGAFRIN Index/ENGAFRWI Index before 27/2/2023, and SGIEFRIN Index/SGIEFRWI Index thereafter.",27/02/2023,05/08/2025,Link to Terminal
227,SGIEFTST Index,GIE UGS Fronhofen-Trigonodus (Storengy Deutschland) Storage (TWh),Inventory,Germany,Germany,TWh,90.90909091,,Field has decommissioned,06/04/2016,30/09/2024,Link to Terminal
228,SGIEGRIN Index,GIE UGS Grijpskerk (NAM) Injection (GWh/d),Net Withdrawals,Netherlands,Netherlands,GWh/d,-0.090909091,Negative,,31/12/2010,05/08/2025,Link to Terminal
229,SGIEGRST Index,GIE UGS Grijpskerk (NAM) Storage (TWh),Inventory,Netherlands,Netherlands,TWh,90.90909091,,,31/12/2010,05/08/2025,Link to Terminal
230,SGIEGRWI Index,GIE UGS Grijpskerk (NAM) Withdrawal (GWh/d),Net Withdrawals,Netherlands,Netherlands,GWh/d,0.090909091,,,31/12/2010,05/08/2025,Link to Terminal
231,SGIEAHST Index,GIE UGS Haidach (Astora) Storage (TWh),Inventory,Germany,Germany,TWh,90.90909091,,,01/10/2013,05/08/2025,Link to Terminal
232,SGIEGHST Index,GIE UGS Haidach (GSA) Storage (TWh),Inventory,Germany,Germany,TWh,90.90909091,,"Historical data prior to October 6, 2022",10/05/2015,30/10/2022,Link to Terminal
233,SGIEHAST Index,GIE UGS Harsefeld (Storengy Deutschland) Storage (TWh),Inventory,Germany,Germany,TWh,90.90909091,,,31/12/2010,05/08/2025,Link to Terminal
234,SGIEDIST Index,GIE UGS Inzenham-West (DEA Speicher) Storage (TWh),Inventory,Germany,Germany,TWh,90.90909091,,,31/12/2010,05/08/2025,Link to Terminal
235,SGIEJHST Index,GIE UGS Jemgum H (EWE) Storage (TWh),Inventory,Germany,Germany,TWh,90.90909091,,,01/05/2013,05/08/2025,Link to Terminal
236,SGIEAJST Index,GIE UGS Jemgum H (SEFE) Storage (TWh),Inventory,Germany,Germany,TWh,90.90909091,,,01/07/2015,05/08/2025,Link to Terminal
237,SGIEJEST Index,GIE UGS Jemgum H (VNG) Storage (TWh),Inventory,Germany,Germany,TWh,90.90909091,,Storage facility shares transferred to SEFE Storage (DE) as of 1 April 2025,01/04/2019,31/03/2025,Link to Terminal
238,SGIEKAST Index,GIE UGS Katharina Storage (TWh),Inventory,Germany,Germany,TWh,90.90909091,,Katharina: inventories ticker is EGSKEWGV Index  from start of series to 30/3/2021 and SGIEKAST Index thereafter. Injections/withdrawals tickers are UGSKUNJE Index/UGSKWITH Index and SGIEKAIN Index/SGIEKAWI Index thereafter.,30/03/2021,05/08/2025,Link to Terminal
239,SGIEKIST Index,GIE UGS Kiel-Roenne (SWKiel Speicher) Storage (TWh),Inventory,Germany,Germany,TWh,90.90909091,,,01/01/2017,05/08/2025,Link to Terminal
240,SGIEKVST Index,GIE UGS Kirchheiligen (VNG) Storage (TWh),Inventory,Germany,Germany,TWh,90.90909091,,Site closed,06/04/2016,04/08/2018,Link to Terminal
241,SGIEKUST Index,GIE UGS Kraak (Uniper) Storage (TWh),Inventory,Germany,Germany,TWh,90.90909091,,,31/03/2009,05/08/2025,Link to Terminal
242,SGIERUST Index,GIE UGS Krummhorn (Uniper) Storage (TWh),Inventory,Germany,Germany,TWh,90.90909091,,Site closed,31/03/2009,24/11/2021,Link to Terminal
243,SGIENLST Index,GIE UGS Norg (Langelo) (NAM) Storage (TWh),Inventory,Netherlands,Netherlands,TWh,90.90909091,,,31/12/2010,05/08/2025,Link to Terminal
244,SGIEN1ST Index,GIE UGS Nuttermoor H 1 (EWE) Storage (TWh),Inventory,Germany,Germany,TWh,90.90909091,,Decommissioned in April 2025,06/04/2016,31/03/2025,Link to Terminal
245,SGIEN2ST Index,GIE UGS Nuttermoor H 2 (EWE) Storage (TWh),Inventory,Germany,Germany,TWh,90.90909091,,,06/04/2016,05/08/2025,Link to Terminal
246,SGIEN3ST Index,GIE UGS Nuttermoor H 3 (EWE) Storage (TWh),Inventory,Germany,Germany,TWh,90.90909091,,,06/04/2016,05/08/2025,Link to Terminal
247,SGIEN4IN Index,GIE UGS Nuttermoor H-4 Injection (GWh/d),Net Withdrawals,Netherlands,Netherlands,GWh/d,-0.090909091,Negative,"As of April 1, 2025, the UGS Nüttermoor H-1 storage facility will be decommissioned. All quantities and capacities will be transferred to the UGS Nüttermoor H-4 storage facility.",30/04/2023,05/08/2025,Link to Terminal
248,SGIEN4ST Index,GIE UGS Nuttermoor H-4 Storage (TWh),Inventory,Netherlands,Netherlands,TWh,90.90909091,,,30/04/2023,05/08/2025,Link to Terminal
249,SGIEN4WI Index,GIE UGS Nuttermoor H-4 Withdrawal (GWh/d),Net Withdrawals,Netherlands,Netherlands,GWh/d,0.090909091,,"As of April 1, 2025, the UGS Nüttermoor H-1 storage facility will be decommissioned. All quantities and capacities will be transferred to the UGS Nüttermoor H-4 storage facility.",30/04/2023,05/08/2025,Link to Terminal
250,SGIEN5IN Index,GIE UGS Nuttermoor H-5 Injection (GWh/d),Net Withdrawals,Germany,Germany,GWh/d,-0.090909091,Negative,,02/05/2024,05/08/2025,Link to Terminal
251,SGIEN5ST Index,GIE UGS Nuttermoor H-5 Storage (TWh),Inventory,Germany,Germany,TWh,90.90909091,,,02/05/2024,05/08/2025,Link to Terminal
252,SGIEN5WI Index,GIE UGS Nuttermoor H-5 Withdrawal (GWh/d),Net Withdrawals,Germany,Germany,GWh/d,0.090909091,,,02/05/2024,05/08/2025,Link to Terminal
253,SGIENUST Index,GIE UGS Nuttermoor L GUD (EWE) Storage (TWh),Inventory,Germany,Germany,TWh,90.90909091,,Site closed,06/04/2016,03/04/2022,Link to Terminal
254,SGIEPEST Index,GIE UGS Peckensen (Storengy Deutschland) Storage (TWh),Inventory,Germany,Germany,TWh,90.90909091,,,31/12/2010,05/08/2025,Link to Terminal
255,SGIERRST Index,GIE UGS Reckrod (MET Speicher) Storage (TWh),Inventory,Germany,Germany,TWh,90.90909091,,"Reckrod: inventories is EESEWGVR Index from start to 20/9/2021, followed by SGIERRST Index. Injections/withdrawals are EESGINFR Index/EESGWTFR Index from 20/9/2021 until 2/4/2022, and finally by SGIERRIN Index/SSGIERRWI Index thereafter.",02/04/2022,05/08/2025,Link to Terminal
256,SGIEARST Index,GIE UGS Rehden (SEFE) Storage (TWh),Inventory,Germany,Germany,TWh,90.90909091,,,01/10/2013,05/08/2025,Link to Terminal
257,SGIERHST Index,GIE UGS Rudersdorf H (EWE) Storage (TWh),Inventory,Germany,Germany,TWh,90.90909091,,,01/05/2013,05/08/2025,Link to Terminal
258,SGIESCST Index,GIE UGS Schmidthausen (Storengy Deutschland) Storage (TWh),Inventory,Germany,Germany,TWh,90.90909091,,,31/12/2010,05/08/2025,Link to Terminal
259,SGIESTST Index,GIE UGS Stassfurt (RWE) Storage (TWh),Inventory,Germany,Germany,TWh,90.90909091,,,31/12/2010,05/08/2025,Link to Terminal
260,SGIEUEST Index,GIE UGS Uelsen (Storengy Deutschland) Storage (TWh),Inventory,Germany,Germany,TWh,90.90909091,,,31/12/2010,05/08/2025,Link to Terminal
261,SGIEBWST Index,GIE UGS Wolfersberg (Bayernugs) Storage (TWh),Inventory,Germany,Germany,TWh,90.90909091,,,01/01/2011,05/08/2025,Link to Terminal
262,SGIEXAST Index,GIE UGS Xanten (RWE) Storage (TWh),Inventory,Germany,Germany,TWh,90.90909091,,Field has decommissioned,31/12/2010,02/04/2017,Link to Terminal
263,SGIEINST Index,GIE VGS innEXpool (innogy) Storage (TWh),Inventory,Germany,Germany,TWh,90.90909091,,,01/04/2017,05/08/2025,Link to Terminal
264,SGIEOMST Index,GIE VGS OMV Gas Storage Pool  Storage (TWh),Inventory,Austria,Austria,TWh,90.90909091,,,01/01/2011,05/08/2025,Link to Terminal
265,SGIEVGST Index,GIE VGS Storage Hub (VNG) Storage (TWh),Inventory,Germany,Germany,TWh,90.90909091,,Merges Bad Lauchstaed and Bernburg data,06/04/2016,05/08/2025,Link to Terminal
266,SGIENOIN Index,"GIE VSP NORD (Rehden, Jemgum) Injection (GWh/d)",Net Withdrawals,Germany,Germany,GWh/d,-0.090909091,Negative,,01/08/2024,05/08/2025,Link to Terminal
267,SGIENOST Index,"GIE VSP NORD (Rehden, Jemgum) Storage (TWh)",Inventory,Germany,Germany,TWh,90.90909091,,,01/08/2024,05/08/2025,Link to Terminal
268,SGIENOWI Index,"GIE VSP NORD (Rehden, Jemgum) Withdrawal (GWh/d)",Net Withdrawals,Germany,Germany,GWh/d,0.090909091,,,01/08/2024,05/08/2025,Link to Terminal
269,SGIEAHIN Index,Haidach (Astora) Injection,Net Withdrawals,Germany,Germany,GWh/d,-0.090909091,Negative,,01/10/2013,05/08/2025,Link to Terminal
270,SGIEAHWI Index,Haidach (Astora) Withdrawal,Net Withdrawals,Germany,Germany,GWh/d,0.090909091,,,01/10/2013,05/08/2025,Link to Terminal
271,SGIEGHIN Index,Haidach (GSA) Injection,Net Withdrawals,Germany,Germany,GWh/d,-0.090909091,Negative,"Historical data prior to October 6, 2022",10/05/2015,30/10/2022,Link to Terminal
272,SGIEGHWI Index,Haidach (GSA) Withdrawal,Net Withdrawals,Germany,Germany,GWh/d,0.090909091,,"Historical data prior to October 6, 2022",10/05/2015,30/10/2022,Link to Terminal
273,SGIEHAIN Index,Harsefeld  Injection,Net Withdrawals,Germany,Germany,GWh/d,-0.090909091,Negative,,31/12/2010,05/08/2025,Link to Terminal
274,SGIEHAWI Index,Harsefeld  Withdrawal,Net Withdrawals,Germany,Germany,GWh/d,0.090909091,,,31/12/2010,05/08/2025,Link to Terminal
275,HMGFNETW Index,Hatfield Moor - Net Withdrawal (ScottishPower),Net Withdrawals,GB,GB,GWh/d,0.090909091,,,06/04/2016,06/08/2025,Link to Terminal
276,HMGFSTOR Index,Hatfield Moor - Storage Level (ScottishPower),Inventory,GB,GB,gwh,0.090909091,,,06/04/2016,06/08/2025,Link to Terminal
277,SGIEININ Index,innEXpool (innogy) Injection,Net Withdrawals,Germany,Germany,GWh/d,-0.090909091,Negative,,01/04/2017,05/08/2025,Link to Terminal
278,SGIEINWI Index,innEXpool (innogy) Withdrawal,Net Withdrawals,Germany,Germany,GWh/d,0.090909091,,,01/04/2017,05/08/2025,Link to Terminal
279,SGIEDIIN Index,Inzenham-West Injection,Net Withdrawals,Germany,Germany,GWh/d,-0.090909091,Negative,,31/12/2010,05/08/2025,Link to Terminal
280,SGIEDIWI Index,Inzenham-West Withdrawal,Net Withdrawals,Germany,Germany,GWh/d,0.090909091,,,31/12/2010,05/08/2025,Link to Terminal
281,SGIEJHIN Index,Jemgum H (EWE) Injection,Net Withdrawals,Germany,Germany,GWh/d,-0.090909091,Negative,,01/05/2013,05/08/2025,Link to Terminal
282,SGIEJHWI Index,Jemgum H (EWE) Withdrawal,Net Withdrawals,Germany,Germany,GWh/d,0.090909091,,,01/05/2013,05/08/2025,Link to Terminal
283,SGIEJEIN Index,Jemgum H (VNG) Injection,Net Withdrawals,Germany,Germany,GWh/d,-0.090909091,Negative,Storage facility shares transferred to SEFE Storage (DE) as of 1 April 2025,01/04/2019,31/03/2025,Link to Terminal
284,SGIEJEWI Index,Jemgum H (VNG) Withdrawal,Net Withdrawals,Germany,Germany,GWh/d,0.090909091,,Storage facility shares transferred to SEFE Storage (DE) as of 1 April 2025,01/04/2019,31/03/2025,Link to Terminal
285,SGIEAJIN Index,Jemgum H Injection,Net Withdrawals,Germany,Germany,GWh/d,-0.090909091,Negative,Jemgum SEFE,01/07/2015,05/08/2025,Link to Terminal
286,SGIEAJWI Index,Jemgum H Withdrawal,Net Withdrawals,Germany,Germany,GWh/d,0.090909091,,Jemgum SEFE,01/07/2015,05/08/2025,Link to Terminal
287,SGIEKAIN Index,Katharina Injection,Net Withdrawals,Germany,Germany,GWh/d,-0.090909091,Negative,Katharina: inventories ticker is EGSKEWGV Index  from start of series to 30/3/2021 and SGIEKAST Index thereafter. Injections/withdrawals tickers are UGSKUNJE Index/UGSKWITH Index and SGIEKAIN Index/SGIEKAWI Index thereafter.,30/03/2021,05/08/2025,Link to Terminal
288,SGIEKAWI Index,Katharina Withdrawal,Net Withdrawals,Germany,Germany,GWh/d,0.090909091,,Katharina: inventories ticker is EGSKEWGV Index  from start of series to 30/3/2021 and SGIEKAST Index thereafter. Injections/withdrawals tickers are UGSKUNJE Index/UGSKWITH Index and SGIEKAIN Index/SGIEKAWI Index thereafter.,30/03/2021,05/08/2025,Link to Terminal
289,SGIEKIIN Index,Kiel-Roenne Injection,Net Withdrawals,Germany,Germany,GWh/d,-0.090909091,Negative,,01/01/2017,05/08/2025,Link to Terminal
290,SGIEKIWI Index,Kiel-Roenne Withdrawal,Net Withdrawals,Germany,Germany,GWh/d,0.090909091,,,01/01/2017,05/08/2025,Link to Terminal
291,SGIEKVIN Index,Kirchheiligen (VNG) Injection,Net Withdrawals,Germany,Germany,GWh/d,-0.090909091,Negative,Site closed,06/04/2016,04/08/2018,Link to Terminal
292,SGIEKVWI Index,Kirchheiligen (VNG) Withdrawal,Net Withdrawals,Germany,Germany,GWh/d,0.090909091,,Site closed,06/04/2016,04/08/2018,Link to Terminal
293,SGIEKUIN Index,Kraak  Injection,Net Withdrawals,Germany,Germany,GWh/d,-0.090909091,Negative,,31/03/2009,05/08/2025,Link to Terminal
294,SGIEKUWI Index,Kraak  Withdrawal,Net Withdrawals,Germany,Germany,GWh/d,0.090909091,,,31/03/2009,05/08/2025,Link to Terminal
295,SGIERUIN Index,Krummhorn  Injection,Net Withdrawals,Germany,Germany,GWh/d,-0.090909091,Negative,Site closed,31/03/2009,06/12/2021,Link to Terminal
296,SGIERUWI Index,Krummhorn  Withdrawal,Net Withdrawals,Germany,Germany,GWh/d,0.090909091,,Site closed,31/03/2009,06/12/2021,Link to Terminal
297,SGIEN1IN Index,Nuttermoor H 1 Injection,Net Withdrawals,Germany,Germany,GWh/d,-0.090909091,Negative,Decommissioned in April 2025,06/04/2016,31/03/2025,Link to Terminal
298,SGIEN1WI Index,Nuttermoor H 1 Withdrawal,Net Withdrawals,Germany,Germany,GWh/d,0.090909091,,Decommissioned in April 2025,06/04/2016,31/03/2025,Link to Terminal
299,SGIEN2IN Index,Nuttermoor H 2 Injection,Net Withdrawals,Germany,Germany,GWh/d,-0.090909091,Negative,,06/04/2016,05/08/2025,Link to Terminal
300,SGIEN2WI Index,Nuttermoor H 2 Withdrawal,Net Withdrawals,Germany,Germany,GWh/d,0.090909091,,,06/04/2016,05/08/2025,Link to Terminal
301,SGIEN3IN Index,Nuttermoor H 3 Injection,Net Withdrawals,Germany,Germany,GWh/d,-0.090909091,Negative,,06/04/2016,05/08/2025,Link to Terminal
302,SGIEN3WI Index,Nuttermoor H 3 Withdrawal,Net Withdrawals,Germany,Germany,GWh/d,0.090909091,,,06/04/2016,05/08/2025,Link to Terminal
303,SGIENUIN Index,Nuttermoor L GUD  Injection,Net Withdrawals,Germany,Germany,GWh/d,-0.090909091,Negative,Site closed,06/04/2016,03/04/2022,Link to Terminal
304,SGIENUWI Index,Nuttermoor L GUD  Withdrawal,Net Withdrawals,Germany,Germany,GWh/d,0.090909091,,Site closed,06/04/2016,03/04/2022,Link to Terminal
305,SGIEOMIN Index,OMV Pool Injection,Net Withdrawals,Austria,Austria,GWh/d,-0.090909091,Negative,,01/01/2011,05/08/2025,Link to Terminal
306,SGIEOMWI Index,OMV Pool Withdrawal,Net Withdrawals,Austria,Austria,GWh/d,0.090909091,,,01/01/2011,05/08/2025,Link to Terminal
307,SGIEPEIN Index,Peckensen  Injection,Net Withdrawals,Germany,Germany,GWh/d,-0.090909091,Negative,,31/12/2010,05/08/2025,Link to Terminal
308,SGIEPEWI Index,Peckensen  Withdrawal,Net Withdrawals,Germany,Germany,GWh/d,0.090909091,,,31/12/2010,05/08/2025,Link to Terminal
309,SGIESPIN Index,RAG Pool Injection,Net Withdrawals,Austria,Austria,GWh/d,-0.090909091,Negative,,31/12/2010,05/08/2025,Link to Terminal
310,SGIESPWI Index,RAG Pool Withdrawal,Net Withdrawals,Austria,Austria,GWh/d,0.090909091,,,31/12/2010,05/08/2025,Link to Terminal
311,SGIERRIN Index,Reckrod (MET) Injection,Net Withdrawals,Germany,Germany,GWh/d,-0.090909091,Negative,"Reckrod: inventories is EESEWGVR Index from start to 20/9/2021, followed by SGIERRST Index. Injections/withdrawals are EESGINFR Index/EESGWTFR Index from 20/9/2021 until 2/4/2022, and finally by SGIERRIN Index/SSGIERRWI Index thereafter.",02/04/2022,05/08/2025,Link to Terminal
312,SGIERRWI Index,Reckrod (MET) Withdrawal,Net Withdrawals,Germany,Germany,GWh/d,0.090909091,,"Reckrod: inventories is EESEWGVR Index from start to 20/9/2021, followed by SGIERRST Index. Injections/withdrawals are EESGINFR Index/EESGWTFR Index from 20/9/2021 until 2/4/2022, and finally by SGIERRIN Index/SSGIERRWI Index thereafter.",02/04/2022,05/08/2025,Link to Terminal
313,SGIEARIN Index,Rehden Injection,Net Withdrawals,Germany,Germany,GWh/d,-0.090909091,Negative,,01/10/2013,05/08/2025,Link to Terminal
314,SGIEARWI Index,Rehden Withdrawal,Net Withdrawals,Germany,Germany,GWh/d,0.090909091,,,01/10/2013,05/08/2025,Link to Terminal
315,SGIERHIN Index,Rudersdorf H (EWE) Injection,Net Withdrawals,Germany,Germany,GWh/d,-0.090909091,Negative,,01/05/2013,05/08/2025,Link to Terminal
316,SGIERHWI Index,Rudersdorf H (EWE) Withdrawal,Net Withdrawals,Germany,Germany,GWh/d,0.090909091,,,01/05/2013,05/08/2025,Link to Terminal
317,SGIESCIN Index,Schmidthausen  Injection,Net Withdrawals,Germany,Germany,GWh/d,-0.090909091,Negative,,31/12/2010,05/08/2025,Link to Terminal
318,SGIESCWI Index,Schmidthausen  Withdrawal,Net Withdrawals,Germany,Germany,GWh/d,0.090909091,,,31/12/2010,05/08/2025,Link to Terminal
319,SGIESTIN Index,Stassfurt (RWE) Injection,Net Withdrawals,Germany,Germany,GWh/d,-0.090909091,Negative,,31/12/2010,05/08/2025,Link to Terminal
320,SGIESTWI Index,Stassfurt (RWE) Withdrawal,Net Withdrawals,Germany,Germany,GWh/d,0.090909091,,,31/12/2010,05/08/2025,Link to Terminal
321,SGIEVGIN Index,Storage Hub (VNG) Injection,Net Withdrawals,Germany,Germany,GWh/d,-0.090909091,Negative,Merges Bad Lauchstaed and Bernburg data,06/04/2016,05/08/2025,Link to Terminal
322,SGIEVGWI Index,Storage Hub (VNG) Withdrawal,Net Withdrawals,Germany,Germany,GWh/d,0.090909091,,Merges Bad Lauchstaed and Bernburg data,06/04/2016,05/08/2025,Link to Terminal
323,TEAGALNT Index,TEAG Allmenhausen Net With,Net Withdrawals,Germany,Germany,GWh/d,0.090909091,,,01/01/2016,06/08/2025,Link to Terminal
324,TEAGALSL Index,TEAG Gas Storage Allmenhausen Daily Storage Level (TWh),Inventory,Germany,Germany,TWh,90.90909091,,,01/01/2016,06/08/2025,Link to Terminal
325,SGIEUEIN Index,Uelsen  Injection,Net Withdrawals,Germany,Germany,GWh/d,-0.090909091,Negative,,31/12/2010,05/08/2025,Link to Terminal
326,SGIEUEWI Index,Uelsen  Withdrawal,Net Withdrawals,Germany,Germany,GWh/d,0.090909091,,,31/12/2010,05/08/2025,Link to Terminal
327,SGIEIGIN Index,"UGS Cornegliano Italy Gas Injection (Daily,GWh/d,GIE)(SNAM)",Net Withdrawals,Italy,Italy,GWh/d,-0.090909091,Negative,,05/12/2018,05/08/2025,Link to Terminal
328,SNAMIGSL Index,"UGS Cornegliano Italy Gas Inventory (Daily,gwh,SNAM)",Inventory,#Italy,#Italy,gwh,0.090909091,,,29/12/2018,06/08/2025,Link to Terminal
329,SGIEIGST Index,"UGS Cornegliano Italy Gas Inventory (Daily,TWh,GIE)(SNAM)",Inventory,Italy,Italy,TWh,90.90909091,,,05/12/2018,05/08/2025,Link to Terminal
330,SKGFBADF Index,Baumgarten Daily Flows (Slovakia to Austria) (Eustream -Slovakia),Import,Slovakia,Austria,GWh/d,0.090909091,,,01/02/2011,06/08/2025,Link to Terminal
331,SNAMCLGG Index,"Italy Gas Consumption Losses (Daily,GWh/d,SNAM)",Demand,Italy,Other,GWh/d,0.090909091,,,01/05/2016,06/08/2025,Link to Terminal
332,SNAMEGTP Index,"Melendugno (GR to IT) Gas Net Entry Physical Flow (Daily,GWh/d,SNAM)",Import,TAP,Italy,GWh/d,0.090909091,,"New pipeline, started commercial operation in November 2020",01/11/2020,05/08/2025,Link to Terminal
333,SGIEIGWI Index,"UGS Cornegliano Italy Gas Withdrawal (Daily,GWh/d,GIE)(SNAM)",Net Withdrawals,Italy,Italy,GWh/d,0.090909091,,,05/12/2018,05/08/2025,Link to Terminal
334,SNAMGIND Index,"Italy Gas Industrial Demand (Daily,GWh/d,SNAM)",Demand,Italy,Industrial,GWh/d,0.090909091,,,01/03/2011,06/08/2025,Link to Terminal
335,SNAMGLDN Index,"Italy Gas Domestic Demand (Daily,GWh/d,SNAM)",Demand,Italy,LDZ,GWh/d,0.090909091,,,01/03/2011,06/08/2025,Link to Terminal
336,SNAMGPGE Index,"Italy Gas Power Generation Demand (Daily,GWh/d,SNAM)",Demand,Italy,Gas-to-Power,GWh/d,0.090909091,,,01/03/2011,06/08/2025,Link to Terminal
337,SNAMGPRO Index,"Italy Gas Production (Daily,GWh/d,SNAM)",Production,Italy,Italy,GWh/d,0.090909091,,,01/03/2011,06/08/2025,Link to Terminal
338,SGIEFLIN Index,"UGS Loenhout Belgium Gas Injection (Daily,GWh/d,GIE)(Fluxys)",Net Withdrawals,Belgium,Belgium,GWh/d,-0.090909091,Negative,,01/01/2011,05/08/2025,Link to Terminal
339,SGIEFLST Index,"UGS Loenhout Belgium Gas Inventory (Daily,TWh,GIE)(Fluxys)",Inventory,Belgium,Belgium,TWh,90.90909091,,,01/01/2011,05/08/2025,Link to Terminal
340,SNAMGTBZ Index,"Bizzarone (IT to CH) Gas Exit Physical Flow (Daily,GWh/d,SNAM)",Demand,Switzerland,Switzerland,GWh/d,0.090909091,,Added in version 1.41 - Italy exit to parts of Switzerland,01/03/2011,06/08/2025,Link to Terminal
341,SNAMIGCZ Index,"Rovigo LNG Italy Gas Entry Physical Flow (Daily,GWh/d,SNAM)",Import,LNG,Italy,GWh/d,0.090909091,,,01/03/2011,06/08/2025,Link to Terminal
342,SNAMIGGE Index,"Gela (LY to IT) Gas Entry Physical Flow (Daily,GWh/d,SNAM)",Import,Libya,Italy,GWh/d,0.090909091,,,13/10/2011,06/08/2025,Link to Terminal
343,SNAMIGLO Index,"OLT Offshore LNG Italy Gas Entry Physical Flow (Daily,GWh/d,SNAM)",Import,LNG,Italy,GWh/d,0.090909091,,,01/10/2013,06/08/2025,Link to Terminal
344,SNAMIGMV Index,"Mazara del Vallo (DZ to IT) Gas Entry Physical Flow (Daily,GWh/d,SNAM)",Import,Algeria,Italy,GWh/d,0.090909091,,,01/03/2011,06/08/2025,Link to Terminal
345,SNAMIGPA Index,"Panigaglia LNG Italy Gas Entry Physical Flow (Daily,GWh/d,SNAM)",Import,LNG,Italy,GWh/d,0.090909091,,,01/03/2011,06/08/2025,Link to Terminal
346,SGIEFLWI Index,"UGS Loenhout Belgium Gas Withdrawal (Daily,GWh/d,GIE)(Fluxys)",Net Withdrawals,Belgium,Belgium,GWh/d,0.090909091,,,01/01/2011,05/08/2025,Link to Terminal
347,SNAMIMRA Index,"Ravenna LNG Italy Gas Entry Physical Flow (Daily,MCM/d,SNAM)",Import,LNG,Italy,MCM/d,1,,,01/02/2025,06/08/2025,Link to Terminal
348,SNAMIMTG Index,"Tarvisio/Arnoldstein (AT to IT) Gas Entry Physical Flow (Daily,GWh/d,SNAM)",Internal Flow,Austria,Italy,GWh/d,0.090909091,,,01/03/2011,06/08/2025,Link to Terminal
349,SNAMLNGP Index,"Piombino LNG Italy Gas Entry Physical Flow (Daily,GWh/d,SNAM)",Import,LNG,Italy,GWh/d,0.090909091,,,01/05/2023,06/08/2025,Link to Terminal
350,SNAMNEGG Index,"Gorizia (SI to IT) Gas Net Entry Physical Flow (Daily,GWh/d,SNAM)",Import,Slovenia,Austria,GWh/d,0.090909091,,Net entry flows into Italy as reported by SNAM,01/03/2011,06/08/2025,Link to Terminal
351,SNAMNPGG Index,"Passo Gries (CH to IT) Gas Net Entry Physical Flow (Daily,GWh/d,SNAM)",Demand,Switzerland,Switzerland,GWh/d,-0.090909091,Negative,Changed in version 1.41 to net ticker,01/01/2016,06/08/2025,Link to Terminal
352,UKGSALIN Index,UK National Gas Storage Aldbrough Inflow,Net Withdrawals,GB,GB,GWh/d,-0.090909091,Negative,,01/10/2011,06/08/2025,Link to Terminal
353,UKGSALOS Index,UK National Gas Storage Aldbrough Opening Stock,Inventory,GB,GB,gwh,0.090909091,,,01/10/2011,07/08/2025,Link to Terminal
354,UKGSALOU Index,UK National Gas Storage Aldbrough Outflow,Net Withdrawals,GB,GB,GWh/d,0.090909091,,,30/09/2011,06/08/2025,Link to Terminal
355,UKGSHTIN Index,UK National Gas Storage Hill Top Inflow,Net Withdrawals,GB,GB,GWh/d,-0.090909091,Negative,,14/03/2013,06/08/2025,Link to Terminal
356,UKGSHTOS Index,UK National Gas Storage Hill Top Opening Stock,Inventory,GB,GB,gwh,0.090909091,,,15/03/2013,07/08/2025,Link to Terminal
357,UKGSHTOU Index,UK National Gas Storage Hill Top Outflow,Net Withdrawals,GB,GB,GWh/d,0.090909091,,,15/03/2013,06/08/2025,Link to Terminal
358,UKGSHSIN Index,UK National Gas Storage Hornsea Inflow,Net Withdrawals,GB,GB,GWh/d,-0.090909091,Negative,,30/09/2011,06/08/2025,Link to Terminal
359,UKGSHSOS Index,UK National Gas Storage Hornsea Opening Stock,Inventory,GB,GB,gwh,0.090909091,,,01/10/2011,07/08/2025,Link to Terminal
360,UKGSHSOU Index,UK National Gas Storage Hornsea Outflow,Net Withdrawals,GB,GB,GWh/d,0.090909091,,,07/10/2011,06/08/2025,Link to Terminal
361,UKGSHFIN Index,UK National Grid Gas Storage Holehouse Farm Inflow,Net Withdrawals,GB,GB,GWh/d,-0.090909091,Negative,,01/10/2010,06/08/2025,Link to Terminal
362,UKGSHFOS Index,UK National Grid Gas Storage Holehouse Farm Opening Stock,Inventory,GB,GB,gwh,0.090909091,,,01/10/2010,07/08/2025,Link to Terminal
363,UKGSHFOU Index,UK National Grid Gas Storage Holehouse Farm Outflow,Net Withdrawals,GB,GB,GWh/d,0.090909091,,,05/10/2010,06/08/2025,Link to Terminal
364,UKGSHOIN Index,UK National Grid Gas Storage Holford Inflow,Net Withdrawals,GB,GB,GWh/d,-0.090909091,Negative,,25/11/2011,06/08/2025,Link to Terminal
365,TENPDFGN Index,VIP Germany-CH Daily Gas Flows Net Entry (Fluxys TENP)(GWh/d),Demand,Switzerland,Switzerland,GWh/d,-0.090909091,Negative,Changed in version 1.41 to net ticker,01/01/2016,06/08/2025,Link to Terminal
366,TFGDPIC Index,"France Gas PIC Demand (Daily,GWh/d,Terega)",Demand,France,Industrial,GWh/d,0.090909091,,,07/03/2013,06/08/2025,Link to Terminal
367,TFGDPITD Index,"France Gas PITD Demand (Daily,GWh/d,Terega)",Demand,France,LDZ,GWh/d,0.090909091,,,07/03/2013,06/08/2025,Link to Terminal
368,THEGORMH Index,RLMmT H-gas Demand Daily Physical Flow (THE)(GWh/d),Demand,Germany,Industrial and Power,GWh/d,0.090909091,,Combined NCG + Gaspool ticker,01/01/2016,06/08/2025,Link to Terminal
369,THEGORML Index,RLMmT L-gas Demand Daily Physical Flow (THE)(GWh/d),Demand,Germany,Industrial and Power,GWh/d,0.090909091,,Combined NCG + Gaspool ticker,01/01/2016,06/08/2025,Link to Terminal
370,THEGOROH Index,RLMoT H-gas Demand Daily Physical Flow (THE)(GWh/d),Demand,Germany,Industrial and Power,GWh/d,0.090909091,,Combined NCG + Gaspool ticker,01/01/2016,06/08/2025,Link to Terminal
371,THEGOROL Index,RLMoT L-gas Demand Daily Physical Flow (THE)(GWh/d),Demand,Germany,Industrial and Power,GWh/d,0.090909091,,Combined NCG + Gaspool ticker,01/01/2016,06/08/2025,Link to Terminal
372,THEGOSAH Index,SLPana H-gas Demand Daily Physical Flow (THE)(GWh/d),Demand,Germany,LDZ,GWh/d,0.090909091,,Combined NCG + Gaspool ticker,01/01/2016,06/08/2025,Link to Terminal
373,THEGOSAL Index,SLPana L-gas Demand Daily Physical Flow (THE)(GWh/d),Demand,Germany,LDZ,GWh/d,0.090909091,,Combined NCG + Gaspool ticker,01/01/2016,06/08/2025,Link to Terminal
374,THEGOSSH Index,SLPsyn H-gas Demand Daily Physical Flow (THE)(GWh/d),Demand,Germany,LDZ,GWh/d,0.090909091,,Combined NCG + Gaspool ticker,01/01/2016,06/08/2025,Link to Terminal
375,THEGOSSL Index,SLPsyn L-gas Demand Daily Physical Flow (THE)(GWh/d),Demand,Germany,LDZ,GWh/d,0.090909091,,Combined NCG + Gaspool ticker,01/01/2016,06/08/2025,Link to Terminal
376,THEGSLRL Index,German SLP Demand Daily Residual Load Curve (THE)(GWh/d),Demand,#Germany,Implied LDZ,GWh/d,0.090909091,,Implied SLP demand (Total demand - RLM demand),01/01/2018,30/12/2024,Link to Terminal
377,THGFEEIF Index,Emden EMS/EPT Daily Gas Flow Entry,Import,Norway,Europe,GWh/d,0.090909091,,,01/01/2017,06/08/2025,Link to Terminal
378,TIGJPP25 Index,"Pirineos (ES to FR) Gas PITT Net Entry Physical Flow (Daily,GWh/d,Terega)",Import,Spain,France,GWh/d,0.090909091,,,01/10/2014,06/08/2025,Link to Terminal
379,UKGSHOOS Index,UK National Grid Gas Storage Holford Opening Stock,Inventory,GB,GB,gwh,0.090909091,,,25/11/2011,07/08/2025,Link to Terminal
380,UKGSHOOU Index,UK National Grid Gas Storage Holford Outflow,Net Withdrawals,GB,GB,GWh/d,0.090909091,,,28/11/2011,06/08/2025,Link to Terminal
381,UKGSHGIN Index,UK National Grid Gas Storage Humbly Grove Inflow,Net Withdrawals,GB,GB,GWh/d,-0.090909091,Negative,,01/10/2010,06/08/2025,Link to Terminal
382,UKGSHGOS Index,UK National Grid Gas Storage Humbly Grove Opening Stock,Inventory,GB,GB,gwh,0.090909091,,,01/10/2010,07/08/2025,Link to Terminal
383,UKGSHGOU Index,UK National Grid Gas Storage Humbly Grove Outflow,Net Withdrawals,GB,GB,GWh/d,0.090909091,,,06/10/2010,06/08/2025,Link to Terminal
384,UKGSROOS Index,UK National Grid Gas Storage Rough Opening Stock,Inventory,GB,GB,gwh,0.090909091,,,01/10/2010,07/08/2025,Link to Terminal
385,UKGSSTIN Index,UK National Grid Gas Storage Stublach Inflow,Net Withdrawals,GB,GB,GWh/d,-0.090909091,Negative,Reclassified as production site on 01/17/2018. So till then historicals appear as storage site - from then have deleted historicals and outflow appears under UK production,30/09/2014,06/08/2025,Link to Terminal
386,UKGSSTOS Index,UK National Grid Gas Storage Stublach Opening Stock,Inventory,GB,GB,gwh,0.090909091,,,01/10/2014,07/08/2025,Link to Terminal
387,UKGSSTOU Index,UK National Grid Gas Storage Stublach Outflow,Net Withdrawals,GB,GB,GWh/d,0.090909091,,,06/10/2014,06/08/2025,Link to Terminal
388,STGDSQSQ Index,"VGS Atlantique France Gas Inventory (Daily,gwh,Storengy)",Inventory,France,France,gwh,0.090909091,,,01/04/2012,06/08/2025,Link to Terminal
389,STGDSQNI Index,"VGS Atlantique France Gas Net Withdrawal (Daily,GWh/d,Storengy)",Net Withdrawals,France,France,GWh/d,0.090909091,,,01/04/2012,06/08/2025,Link to Terminal
390,SGIECOIN Index,"VGS Edison Stoccaggio Italy Gas Injection (Daily,GWh/d,GIE)(SNAM)",Net Withdrawals,Italy,Italy,GWh/d,-0.090909091,Negative,,31/03/2016,05/08/2025,Link to Terminal
391,SNAMESSL Index,"VGS Edison Stoccaggio Italy Gas Inventory (Daily,gwh,SNAM)",Inventory,#Italy,#Italy,gwh,0.090909091,,,01/03/2011,06/08/2025,Link to Terminal
392,SGIECOST Index,"VGS Edison Stoccaggio Italy Gas Inventory (Daily,TWh,GIE)(SNAM)",Inventory,Italy,Italy,TWh,90.90909091,,,31/03/2016,05/08/2025,Link to Terminal
393,SNAMGSED Index,"VGS Edison Stoccaggio Italy Gas Net Withdrawal (Daily,GWh/d,SNAM)",Net Withdrawals,#Italy,#Italy,GWh/d,0.090909091,,,01/03/2011,06/08/2025,Link to Terminal
394,SGIECOWI Index,"VGS Edison Stoccaggio Italy Gas Withdrawal (Daily,GWh/d,GIE)(SNAM)",Net Withdrawals,Italy,Italy,GWh/d,0.090909091,,,31/03/2016,05/08/2025,Link to Terminal
395,SGIETVIN Index,"VGS Lussagnet France Gas Injection (Daily,GWh/d,GIE)(Terega)",Net Withdrawals,France,France,GWh/d,-0.090909091,Negative,,01/01/2011,05/08/2025,Link to Terminal
396,SGIETVST Index,"VGS Lussagnet France Gas Inventory (Daily,TWh,GIE)(Terega)",Inventory,France,France,TWh,90.90909091,,,01/01/2011,05/08/2025,Link to Terminal
397,SGIETVWI Index,"VGS Lussagnet France Gas Withdrawal (Daily,GWh/d,GIE)(Terega)",Net Withdrawals,France,France,GWh/d,0.090909091,,,01/01/2011,05/08/2025,Link to Terminal
398,STGDSESQ Index,"VGS Saline France Gas Inventory (Daily,gwh,Storengy)",Inventory,France,France,gwh,0.090909091,,,01/04/2011,06/08/2025,Link to Terminal
399,STGDSENI Index,"VGS Saline France Gas Net Withdrawal (Daily,GWh/d,Storengy)",Net Withdrawals,France,France,GWh/d,0.090909091,,,01/04/2011,06/08/2025,Link to Terminal
400,STGDNBSQ Index,"VGS Sediane B France Gas Inventory (Daily,gwh,Storengy)",Inventory,France,France,gwh,0.090909091,,,01/04/2010,06/08/2025,Link to Terminal
401,STGDNBNI Index,"VGS Sediane B France Gas Net Withdrawal (Daily,GWh/d,Storengy)",Net Withdrawals,France,France,GWh/d,0.090909091,,,01/04/2010,06/08/2025,Link to Terminal
402,STGDSDSQ Index,"VGS Sediane France Gas Inventory (Daily,gwh,Storengy)",Inventory,France,France,gwh,0.090909091,,,01/04/2011,06/08/2025,Link to Terminal
403,STGDSDNI Index,"VGS Sediane France Gas Net Withdrawal (Daily,GWh/d,Storengy)",Net Withdrawals,France,France,GWh/d,0.090909091,,,01/04/2011,06/08/2025,Link to Terminal
404,STGDNESQ Index,"VGS Serene Nord France Gas Inventory (Daily,gwh,Storengy)",Inventory,France,France,gwh,0.090909091,,,01/04/2010,06/08/2025,Link to Terminal
405,STGDNENI Index,"VGS Serene Nord France Gas Net Withdrawal (Daily,GWh/d,Storengy)",Net Withdrawals,France,France,GWh/d,0.090909091,,,01/04/2010,06/08/2025,Link to Terminal
406,SGIESGIN Index,"VGS STOGIT Italy Gas Injection (Daily,GWh/d,GIE)(SNAM)",Net Withdrawals,Italy,Italy,GWh/d,-0.090909091,Negative,,31/12/2010,05/08/2025,Link to Terminal
407,SNAMSTSL Index,"VGS STOGIT Italy Gas Inventory (Daily,gwh,SNAM)",Inventory,#Italy,#Italy,gwh,0.090909091,,,01/03/2011,06/08/2025,Link to Terminal
408,SGIESGST Index,"VGS STOGIT Italy Gas Inventory (Daily,TWh,GIE)(SNAM)",Inventory,Italy,Italy,TWh,90.90909091,,,31/12/2010,05/08/2025,Link to Terminal
409,SNAMGSTG Index,"VGS STOGIT Italy Gas Net Withdrawal (Daily,GWh/d,SNAM)",Net Withdrawals,#Italy,#Italy,GWh/d,0.090909091,,,01/03/2011,06/08/2025,Link to Terminal
410,SGIESGWI Index,"VGS STOGIT Italy Gas Withdrawal (Daily,GWh/d,GIE)(SNAM)",Net Withdrawals,Italy,Italy,GWh/d,0.090909091,,,31/12/2010,05/08/2025,Link to Terminal
411,SGIEBWIN Index,Wolfersberg Inj,Net Withdrawals,Germany,Germany,GWh/d,-0.090909091,Negative,,01/01/2011,05/08/2025,Link to Terminal
412,SGIEBWWI Index,Wolfersberg Withdr,Net Withdrawals,Germany,Germany,GWh/d,0.090909091,,,01/01/2011,05/08/2025,Link to Terminal
413,SGIEXAIN Index,Xanten (RWE) Injection,Net Withdrawals,Germany,Germany,GWh/d,-0.090909091,Negative,Field has decommissioned,31/12/2010,02/04/2017,Link to Terminal
414,SGIEXAWI Index,Xanten (RWE) Withdrawal,Net Withdrawals,Germany,Germany,GWh/d,0.090909091,,Field has decommissioned,31/12/2010,02/04/2017,Link to Terminal
415,MNDGEWGV Index,Zone MND GSG Gas Storage Stock Level,Inventory,Germany,Germany,gwh,0.090909091,,,01/04/2016,06/08/2025,Link to Terminal
416,MNDGINJE Index,Zone MND Injections,Net Withdrawals,Germany,Germany,GWh/d,-0.090909091,Negative,,01/04/2016,06/08/2025,Link to Terminal
417,MNDGWITH Index,Zone MND Withdrawal,Net Withdrawals,Germany,Germany,GWh/d,0.090909091,,,01/04/2016,06/08/2025,Link to Terminal
AA,NLGSNODW Index,Norg (UGS) Gas Storage Daily Net Withdrawal (GWh/d) (GTS),Production,Netherlands,Netherlands,GWh/d,0.090909091,,Historically was used to calculate Groningen net Norg production as there was a pipeline directly from the field to the facility. With the decline of Groningen now include Norg storage in the perimeter. Accounted for as withdrawals from April 2020.,01/12/2011,06/08/2025,Link to Terminal
AB,GCPFANTL Index,Brandov-STEGAL Entry Daily Physical Flow (Gascade) (GWh/d),Import,Czech and Poland,Germany,GWh/d,0.090909091,,Not used: listed for backup purposes after merger with VIP Brandov starting 1/11/2018,01/01/2012,13/11/2024,Link to Terminal
AC,GCPFOXDF Index,Gascade Olbernhau II Daily Net Entry Physical Flows (GWh/day),Import,Czech and Poland,Germany,GWh/d,0.090909091,,Not used: listed for backup purposes after merger with VIP Brandov starting 1/11/2018,01/01/2011,06/08/2025,Link to Terminal
AD,N4GSEUEN Index,Eugal Net Entry Daily Physical Flows (Net4Gas)(GWh/d)(DE>CZ),Import,Czech and Poland,Germany,GWh/d,-0.090909091,Negative,Not used: listed for backup purposes after merger with VIP Brandov starting 1/11/2018,17/12/2019,06/08/2025,Link to Terminal
AE,N4GSHKEN Index,Hora Svate Kateriny Border Transfer Station Net Flows  - Net4Gas Czech Republi,Import,Czech and Poland,Germany,GWh/d,-0.090909091,Negative,Not used: listed for backup purposes after merger with VIP Brandov starting 1/11/2018,01/01/2007,06/08/2025,Link to Terminal
AF,ONTGDCDF Index,Brandov NordStream OPAL Daily Gas Flows (Germany to Czech Republic) (GWh/day),Import,Czech and Poland,Germany,GWh/d,-0.090909091,Negative,Not used: listed for backup purposes after merger with VIP Brandov starting 1/11/2018,01/01/2012,09/04/2024,Link to Terminal
AG,UKGSROOU Index,UK National Grid Gas Storage Rough Outflow,Net Withdrawals,GB,GB,GWh/d,0.090909091,,Reclassified as production site on 01/17/2018. So till then historicals appear as storage site - from then have deleted historicals and outflow appears under UK production,30/09/2010,06/08/2025,Link to Terminal
AH,UKGSROIN Index,UK National Grid Gas Storage Rough Inflow,Net Withdrawals,GB,GB,GWh/d,-0.090909091,Negative,,01/10/2010,06/08/2025,Link to Terminal
AI,EESEWGVF Index,DE EPE Etzel Storage WGV,Inventory,Germany,Germany,million cubic meters,1,,"Ticker for Etzel ESE -  EESEWGVF Index until 20/9/2021, them SGIEEMST Index. For injections and withdrawals: EESGINFL Index and EESGWTFL Index from 20/9/2021 to 2/4/2022 and then SGIEEMIN Index and SGIEEMWI Index.",31/03/2014,23/04/2023,Link to Terminal
AJ,EESGINFL Index,Etzel ESE Injection GWh/d,Net Withdrawals,Germany,Germany,GWh/d,-0.090909091,Negative,"Ticker for Etzel ESE -  EESEWGVF Index until 20/9/2021, them SGIEEMST Index. For injections and withdrawals: EESGINFL Index and EESGWTFL Index from 20/9/2021 to 2/4/2022 and then SGIEEMIN Index and SGIEEMWI Index.",20/09/2021,24/04/2023,Link to Terminal
AK,EESGWTFL Index,Etzel ESE Withdrawal GWh/d,Net Withdrawals,Germany,Germany,GWh/d,0.090909091,,"Ticker for Etzel ESE -  EESEWGVF Index until 20/9/2021, them SGIEEMST Index. For injections and withdrawals: EESGINFL Index and EESGWTFL Index from 20/9/2021 to 2/4/2022 and then SGIEEMIN Index and SGIEEMWI Index.",20/09/2021,24/04/2023,Link to Terminal
AL,UGSKINJE Index,Katharina Injections,Net Withdrawals,Germany,Germany,MCM/d,-1,Negative,Katharina: inventories ticker is EGSKEWGV Index  from start of series to 30/3/2021 and SGIEKAST Index thereafter. Injections/withdrawals tickers are UGSKUNJE Index/UGSKWITH Index and SGIEKAIN Index/SGIEKAWI Index thereafter.,01/03/2015,13/07/2023,Link to Terminal
AM,UGSKWITH Index,Katharina Withdrawal,Net Withdrawals,Germany,Germany,MCM/d,1,,Katharina: inventories ticker is EGSKEWGV Index  from start of series to 30/3/2021 and SGIEKAST Index thereafter. Injections/withdrawals tickers are UGSKUNJE Index/UGSKWITH Index and SGIEKAIN Index/SGIEKAWI Index thereafter.,01/03/2015,13/07/2023,Link to Terminal
AN,ETZGINJE Index,Etzel Injections,Net Withdrawals,Germany,Germany,GWh/d,-0.090909091,Negative,"Etzel EKB - inventories is SGIEKBST Index. Injections/withdrawals: ETZGINJE Index and ETZGWITH Index from start of series to 7/4/2022, then replaced by SGIEKBIN Index and SGIEKBWI Index.",14/10/2012,09/04/2024,Link to Terminal
AO,ETZGWITH Index,Etzel Withdrawal,Net Withdrawals,Germany,Germany,GWh/d,0.090909091,,"Etzel EKB - inventories is SGIEKBST Index. Injections/withdrawals: ETZGINJE Index and ETZGWITH Index from start of series to 7/4/2022, then replaced by SGIEKBIN Index and SGIEKBWI Index.",14/10/2012,09/04/2024,Link to Terminal
AP,EESGINFR Index,Reckrod Injection GWh/d,Net Withdrawals,Germany,Germany,GWh/d,-0.090909091,Negative,"Reckrod: inventories is EESEWGVR Index from start to 20/9/2021, followed by SGIERRST Index. Injections/withdrawals are EESGINFR Index/EESGWTFR Index from 20/9/2021 until 2/4/2022, and finally by SGIERRIN Index/SSGIERRWI Index thereafter.",20/09/2021,24/04/2023,Link to Terminal
AQ,EESGWTFR Index,Reckrod Withdrawal GWh/d,Net Withdrawals,Germany,Germany,GWh/d,0.090909091,,"Reckrod: inventories is EESEWGVR Index from start to 20/9/2021, followed by SGIERRST Index. Injections/withdrawals are EESGINFR Index/EESGWTFR Index from 20/9/2021 until 2/4/2022, and finally by SGIERRIN Index/SSGIERRWI Index thereafter.",20/09/2021,24/04/2023,Link to Terminal
AR,EESEWGVR Index,DE EPE Reckrod Storage WGV,Inventory,Germany,Germany,million cubic meters,1,,"Reckrod: inventories is EESEWGVR Index from start to 2/4/2022, followed by SGIERRST Index. Injections/withdrawals are EESGINFR Index/EESGWTFR Index from 20/9/2021 until 2/4/2022, and finally by SGIERRIN Index/SSGIERRWI Index thereafter.",31/03/2014,23/04/2023,Link to Terminal
AS,SGIENLIN Index,GIE UGS Norg (Langelo) (NAM) Injection (GWh/d),Net Withdrawals,Netherlands,Netherlands,GWh/d,-0.090909091,Negative,,31/12/2010,05/08/2025,Link to Terminal
AT,SGIENLWI Index,GIE UGS Norg (Langelo) (NAM) Withdrawal (GWh/d),Net Withdrawals,Netherlands,Netherlands,GWh/d,0.090909091,,,31/12/2010,05/08/2025,Link to Terminal
AU,UGSKEWGV Index,Katharina Gas Storage Stock Level,Inventory,Germany,Germany,million cubic meters,1,,Katharina: inventories ticker is EGSKEWGV Index  from start of series to 30/3/2021 and SGIEKAST Index thereafter. Injections/withdrawals tickers are UGSKUNJE Index/UGSKWITH Index and SGIEKAIN Index/SGIEKAWI Index thereafter.,01/03/2015,18/07/2023,Link to Terminal
AW,ENGAFRST Index,Frankenthal (Enovos) Gas Storage,Inventory,Germany,Germany,million cubic meters,1,,"Frankenthal: inventories ticker is ENGAFRST Index until 27/2/2023, and SGIEFRST Index thereafter. Injections/withdrawals tickers are ENGAFRIN Index/ENGAFRWI Index before 27/2/2023, and SGIEFRIN Index/SGIEFRWI Index thereafter.",42721,07/05/2023,Link to Terminal
AX,ENGAFRIN Index,Frankenthal Injection,Net Withdrawals,Germany,Germany,MCM/d,-1,Negative,"Frankenthal: inventories ticker is ENGAFRST Index until 27/2/2023, and SGIEFRST Index thereafter. Injections/withdrawals tickers are ENGAFRIN Index/ENGAFRWI Index before 27/2/2023, and SGIEFRIN Index/SGIEFRWI Index thereafter.",17/12/2016,07/05/2023,Link to Terminal
AY,ENGAFRWI Index,Frankenthal Withdrawal,Net Withdrawals,Germany,Germany,MCM/d,1,,"Frankenthal: inventories ticker is ENGAFRST Index until 27/2/2023, and SGIEFRST Index thereafter. Injections/withdrawals tickers are ENGAFRIN Index/ENGAFRWI Index before 27/2/2023, and SGIEFRIN Index/SGIEFRWI Index thereafter.",17/12/2016,07/05/2023,Link to Terminal
NA,SNAMGOTH Index,"Italy Gas Total Exports (3rd Party Network) (Daily,GWh/d,SNAM)",Demand,Italy,Other,GWh/d,0.090909091,,,01/03/2011,06/08/2025,Link to Terminal
,,,,,,,,,,,,Link to Terminal
,,,,,,,,,,,,Link to Terminal
,,,,,,,,,,,,Link to Terminal
,,,,,,,,,,,,Link to Terminal
,,,,,,,,,,,,Link to Terminal
,,,,,,,,,,,,Link to Terminal
,,,,,,,,,,,,Link to Terminal
,,,,,,,,,,,,Link to Terminal
